Workbook

Sheet calibration_results_251204_36
A1: Instance_ID | B1: T_horizon | C1: Arrival_type | D1: C_opr | E1: loose_factor | F1: K_fine | G1: random_seed | H1: SAMPLING_THRESHOLD | I1: exploration_factor | J1: replication_id | K1: profit | L1: RDI | M1: MAX | N1: MIN
A2: 1 | B2: 36 | C2: Uniform | D2: 300 | E2: 3 | F2: 30 | G2: 42 | H2: 5 | I2: 5 | J2: 1 | K2: 686.90693 | L2: =(K2-N2)/(M2-N2) -> 0.49877595 | M2: =MAX(K2:K46) -> 1047.752 | N2: =MIN(K2:K46) -> 327.82432
A3: 1 | B3: 36 | C3: Uniform | D3: 300 | E3: 3 | F3: 30 | G3: 42 | H3: 5 | I3: 5 | J3: 2 | K3: 851.79367 | L3: =(K3-N3)/(M3-N3) -> 0.72780832 | M3: 1047.752 | N3: 327.82432
A4: 1 | B4: 36 | C4: Uniform | D4: 300 | E4: 3 | F4: 30 | G4: 42 | H4: 5 | I4: 5 | J4: 3 | K4: 686.90693 | L4: =(K4-N4)/(M4-N4) -> 0.49877595 | M4: 1047.752 | N4: 327.82432
A5: 1 | B5: 36 | C5: Uniform | D5: 300 | E5: 3 | F5: 30 | G5: 42 | H5: 5 | I5: 10 | J5: 1 | K5: 851.79367 | L5: =(K5-N5)/(M5-N5) -> 0.72780832 | M5: 1047.752 | N5: 327.82432
A6: 1 | B6: 36 | C6: Uniform | D6: 300 | E6: 3 | F6: 30 | G6: 42 | H6: 5 | I6: 10 | J6: 2 | K6: 686.90693 | L6: =(K6-N6)/(M6-N6) -> 0.49877595 | M6: 1047.752 | N6: 327.82432
A7: 1 | B7: 36 | C7: Uniform | D7: 300 | E7: 3 | F7: 30 | G7: 42 | H7: 5 | I7: 10 | J7: 3 | K7: 686.90693 | L7: =(K7-N7)/(M7-N7) -> 0.49877595 | M7: 1047.752 | N7: 327.82432
A8: 1 | B8: 36 | C8: Uniform | D8: 300 | E8: 3 | F8: 30 | G8: 42 | H8: 1 | I8: 5 | J8: 1 | K8: 686.90693 | L8: =(K8-N8)/(M8-N8) -> 0.49877595 | M8: 1047.752 | N8: 327.82432
A9: 1 | B9: 36 | C9: Uniform | D9: 300 | E9: 3 | F9: 30 | G9: 42 | H9: 1 | I9: 5 | J9: 2 | K9: 686.90693 | L9: =(K9-N9)/(M9-N9) -> 0.49877595 | M9: 1047.752 | N9: 327.82432
A10: 1 | B10: 36 | C10: Uniform | D10: 300 | E10: 3 | F10: 30 | G10: 42 | H10: 1 | I10: 5 | J10: 3 | K10: 682.05983 | L10: =(K10-N10)/(M10-N10) -> 0.49204319 | M10: 1047.752 | N10: 327.82432
A11: 1 | B11: 36 | C11: Uniform | D11: 300 | E11: 3 | F11: 30 | G11: 42 | H11: 1 | I11: 10 | J11: 1 | K11: 678.81556 | L11: =(K11-N11)/(M11-N11) -> 0.48753681 | M11: 1047.752 | N11: 327.82432
A12: 1 | B12: 36 | C12: Uniform | D12: 300 | E12: 3 | F12: 30 | G12: 42 | H12: 1 | I12: 10 | J12: 2 | K12: 327.82432 | L12: =(K12-N12)/(M12-N12) -> 5.864343e-11 | M12: 1047.752 | N12: 327.82432
A13: 1 | B13: 36 | C13: Uniform | D13: 300 | E13: 3 | F13: 30 | G13: 42 | H13: 1 | I13: 10 | J13: 3 | K13: 327.82432 | L13: =(K13-N13)/(M13-N13) -> 5.864343e-11 | M13: 1047.752 | N13: 327.82432
J14: 1
J15: 2
J16: 3
J17: 1
J18: 2
J19: 3
A20: 1 | B20: 36 | C20: Uniform | D20: 300 | E20: 3 | F20: 30 | G20: 42 | H20: 15 | I20: 5 | J20: 1 | K20: 686.90693 | L20: =(K20-N20)/(M20-N20) -> 0.49877595 | M20: 1047.752 | N20: 327.82432
A21: 1 | B21: 36 | C21: Uniform | D21: 300 | E21: 3 | F21: 30 | G21: 42 | H21: 15 | I21: 5 | J21: 2 | K21: 686.90693 | L21: =(K21-N21)/(M21-N21) -> 0.49877595 | M21: 1047.752 | N21: 327.82432
A22: 1 | B22: 36 | C22: Uniform | D22: 300 | E22: 3 | F22: 30 | G22: 42 | H22: 15 | I22: 5 | J22: 3 | K22: 686.90693 | L22: =(K22-N22)/(M22-N22) -> 0.49877595 | M22: 1047.752 | N22: 327.82432
A23: 1 | B23: 36 | C23: Uniform | D23: 300 | E23: 3 | F23: 30 | G23: 42 | H23: 15 | I23: 10 | J23: 1 | K23: 686.90693 | L23: =(K23-N23)/(M23-N23) -> 0.49877595 | M23: 1047.752 | N23: 327.82432
A24: 1 | B24: 36 | C24: Uniform | D24: 300 | E24: 3 | F24: 30 | G24: 42 | H24: 15 | I24: 10 | J24: 2 | K24: 686.90693 | L24: =(K24-N24)/(M24-N24) -> 0.49877595 | M24: 1047.752 | N24: 327.82432
A25: 1 | B25: 36 | C25: Uniform | D25: 300 | E25: 3 | F25: 30 | G25: 42 | H25: 15 | I25: 10 | J25: 3 | K25: 686.90693 | L25: =(K25-N25)/(M25-N25) -> 0.49877595 | M25: 1047.752 | N25: 327.82432
A26: 1 | B26: 36 | C26: Uniform | D26: 300 | E26: 3 | F26: 30 | G26: 42 | H26: 1 | I26: 7.5 | J26: 1 | K26: 686.90693 | L26: =(K26-N26)/(M26-N26) -> 0.49877595 | M26: 1047.752 | N26: 327.82432
A27: 1 | B27: 36 | C27: Uniform | D27: 300 | E27: 3 | F27: 30 | G27: 42 | H27: 1 | I27: 7.5 | J27: 2 | K27: 686.90693 | L27: =(K27-N27)/(M27-N27) -> 0.49877595 | M27: 1047.752 | N27: 327.82432
A28: 1 | B28: 36 | C28: Uniform | D28: 300 | E28: 3 | F28: 30 | G28: 42 | H28: 1 | I28: 7.5 | J28: 3 | K28: 693.51648 | L28: =(K28-N28)/(M28-N28) -> 0.50795681 | M28: 1047.752 | N28: 327.82432
A29: 1 | B29: 36 | C29: Uniform | D29: 300 | E29: 3 | F29: 30 | G29: 42 | H29: 5 | I29: 7.5 | J29: 1 | K29: 686.90693 | L29: =(K29-N29)/(M29-N29) -> 0.49877595 | M29: 1047.752 | N29: 327.82432
A30: 1 | B30: 36 | C30: Uniform | D30: 300 | E30: 3 | F30: 30 | G30: 42 | H30: 5 | I30: 7.5 | J30: 2 | K30: 686.90693 | L30: =(K30-N30)/(M30-N30) -> 0.49877595 | M30: 1047.752 | N30: 327.82432
A31: 1 | B31: 36 | C31: Uniform | D31: 300 | E31: 3 | F31: 30 | G31: 42 | H31: 5 | I31: 7.5 | J31: 3 | K31: 686.90693 | L31: =(K31-N31)/(M31-N31) -> 0.49877595 | M31: 1047.752 | N31: 327.82432
... A43: 1 | B43: 36 | C43: Uniform | D43: 42 | E43: 15 | F43: 20 | G43: 42 | H43: 15 | I43: 50 | J43: 3 | K43: 686.90693 | L43: =(K43-N43)/(M43-N43) -> 0.49877595 | M43: 1047.752 | N43: 327.82432
D44: 300 | E44: 3 | F44: 30 | J44: 1
D45: 300 | E45: 3 | F45: 30 | J45: 2
D46: 300 | E46: 3 | F46: 30 | J46: 3
A47: 2 | B47: 36 | C47: Small-dominant | D47: 300 | E47: 3 | F47: 30 | G47: 84 | H47: 5 | I47: 5 | J47: 1 | K47: 778.0672 | L47: =(K47-N47)/(M47-N47) -> 0.77332096 | M47: =MAX(K47:K91) -> 902.43819 | N47: =MIN(K47:K91) -> 353.77259 | AG47: 2 | AH47: 36 | AI47: Small-dominant | AJ47: 300 | AK47: 3 | AL47: 30 | AM47: 84 | AN47: 15 | AO47: 5 | AP47: 1 | AQ47: 902.43819 | AW47: 2 | AX47: 36 | AY47: Small-dominant | AZ47: 300 | BA47: 3 | BB47: 30 | BC47: 84 | BD47: 15 | BE47: 5 | BF47: 1 | BG47: 902.43819 | BM47: 2 | BN47: 36 | BO47: Small-dominant | BP47: 300 | BQ47: 3 | BR47: 30 | BS47: 84 | BT47: 15 | BU47: 5 | BV47: 1 | BW47: 902.43819 | CC47: 2 | CD47: 36 | CE47: Small-dominant | CF47: 300 | CG47: 3 | CH47: 30 | CI47: 84 | CJ47: 15 | CK47: 5 | CL47: 1 | CM47: 902.43819 | CS47: 2 | CT47: 36 | CU47: Small-dominant | CV47: 300 | CW47: 3 | CX47: 30 | CY47: 84 | CZ47: 15 | DA47: 5 | DB47: 1 | DC47: 902.43819 | DI47: 2 | DJ47: 36 | DK47: Small-dominant | DL47: 300 | DM47: 3 | DN47: 30 | DO47: 84 | DP47: 15 | DQ47: 5 | DR47: 1 | DS47: 902.43819 | DY47: 2 | DZ47: 36 | EA47: Small-dominant | EB47: 300 | EC47: 3 | ED47: 30 | EE47: 84 | EF47: 15 | EG47: 5 | EH47: 1 | EI47: 902.43819 | EO47: 2 | EP47: 36 | EQ47: Small-dominant | ER47: 300 | ES47: 3 | ET47: 30 | EU47: 84 | EV47: 15 | EW47: 5 | EX47: 1 | EY47: 902.43819 | FE47: 2 | FF47: 36 | FG47: Small-dominant | FH47: 300 | FI47: 3 | FJ47: 30 | FK47: 84 | FL47: 15 | FM47: 5 | FN47: 1 | FO47: 902.43819 | FU47: 2 | FV47: 36 | FW47: Small-dominant | FX47: 300 | FY47: 3 | FZ47: 30 | GA47: 84 | GB47: 15 | GC47: 5 | GD47: 1 | GE47: 902.43819 | GK47: 2 | GL47: 36 | GM47: Small-dominant | GN47: 300 | GO47: 3 | GP47: 30 | GQ47: 84 | GR47: 15 | GS47: 5 | GT47: 1 | GU47: 902.43819 | HA47: 2 | HB47: 36 | HC47: Small-dominant | HD47: 300 | HE47: 3 | HF47: 30 | HG47: 84 | HH47: 15 | HI47: 5 | HJ47: 1 | HK47: 902.43819 | HQ47: 2 | HR47: 36 | HS47: Small-dominant | HT47: 300 | HU47: 3 | HV47: 30 | HW47: 84 | HX47: 15 | HY47: 5 | HZ47: 1 | IA47: 902.43819 | IG47: 2 | IH47: 36 | II47: Small-dominant | IJ47: 300 | IK47: 3 | IL47: 30 | IM47: 84 | IN47: 15 | IO47: 5 | IP47: 1 | IQ47: 902.43819 | IW47: 2 | IX47: 36 | IY47: Small-dominant | IZ47: 300 | JA47: 3 | JB47: 30 | JC47: 84 | JD47: 15 | JE47: 5 | JF47: 1 | JG47: 902.43819 | JM47: 2 | JN47: 36 | JO47: Small-dominant | JP47: 300 | JQ47: 3 | JR47: 30 | JS47: 84 | JT47: 15 | JU47: 5 | JV47: 1 | JW47: 902.43819 | KC47: 2 | KD47: 36 | KE47: Small-dominant | KF47: 300 | KG47: 3 | KH47: 30 | KI47: 84 | KJ47: 15 | KK47: 5 | KL47: 1 | KM47: 902.43819 | KS47: 2 | KT47: 36 | KU47: Small-dominant | KV47: 300 | KW47: 3 | KX47: 30 | KY47: 84 | KZ47: 15 | LA47: 5 | LB47: 1 | LC47: 902.43819 | LI47: 2 | LJ47: 36 | LK47: Small-dominant | LL47: 300 | LM47: 3 | LN47: 30 | LO47: 84 | LP47: 15 | LQ47: 5 | LR47: 1 | LS47: 902.43819 | LY47: 2 | LZ47: 36 | MA47: Small-dominant | MB47: 300 | MC47: 3 | MD47: 30 | ME47: 84 | MF47: 15 | MG47: 5 | MH47: 1 | MI47: 902.43819 | MO47: 2 | MP47: 36 | MQ47: Small-dominant | MR47: 300 | MS47: 3 | MT47: 30 | MU47: 84 | MV47: 15 | MW47: 5 | MX47: 1 | MY47: 902.43819 | NE47: 2 | NF47: 36 | NG47: Small-dominant | NH47: 300 | NI47: 3 | NJ47: 30 | NK47: 84 | NL47: 15 | NM47: 5 | NN47: 1 | NO47: 902.43819 | NU47: 2 | NV47: 36 | NW47: Small-dominant | NX47: 300 | NY47: 3 | NZ47: 30 | OA47: 84 | OB47: 15 | OC47: 5 | OD47: 1 | OE47: 902.43819 | OK47: 2 | OL47: 36 | OM47: Small-dominant | ON47: 300 | OO47: 3 | OP47: 30 | OQ47: 84 | OR47: 15 | OS47: 5 | OT47: 1 | OU47: 902.43819 | PA47: 2 | PB47: 36 | PC47: Small-dominant | PD47: 300 | PE47: 3 | PF47: 30 | PG47: 84 | PH47: 15 | PI47: 5 | PJ47: 1 | PK47: 902.43819 | PQ47: 2 | PR47: 36 | PS47: Small-dominant | PT47: 300 | PU47: 3 | PV47: 30 | PW47: 84 | PX47: 15 | PY47: 5 | PZ47: 1 | QA47: 902.43819 | QG47: 2 | QH47: 36 | QI47: Small-dominant | QJ47: 300 | QK47: 3 | QL47: 30 | QM47: 84 | QN47: 15 | QO47: 5 | QP47: 1 | QQ47: 902.43819 | QW47: 2 | QX47: 36 | QY47: Small-dominant | QZ47: 300 | RA47: 3 | RB47: 30 | RC47: 84 | RD47: 15 | RE47: 5 | RF47: 1 | RG47: 902.43819 | RM47: 2 | RN47: 36 | RO47: Small-dominant | RP47: 300 | RQ47: 3 | RR47: 30 | RS47: 84 | RT47: 15 | RU47: 5 | RV47: 1 | RW47: 902.43819 | SC47: 2 | SD47: 36 | SE47: Small-dominant | SF47: 300 | SG47: 3 | SH47: 30 | SI47: 84 | SJ47: 15 | SK47: 5 | SL47: 1 | SM47: 902.43819 | SS47: 2 | ST47: 36 | SU47: Small-dominant | SV47: 300 | SW47: 3 | SX47: 30 | SY47: 84 | SZ47: 15 | TA47: 5 | TB47: 1 | TC47: 902.43819 | TI47: 2 | TJ47: 36 | TK47: Small-dominant | TL47: 300 | TM47: 3 | TN47: 30 | TO47: 84 | TP47: 15 | TQ47: 5 | TR47: 1 | TS47: 902.43819 | TY47: 2 | TZ47: 36 | UA47: Small-dominant | UB47: 300 | UC47: 3 | UD47: 30 | UE47: 84 | UF47: 15 | UG47: 5 | UH47: 1 | UI47: 902.43819 | UO47: 2 | UP47: 36 | UQ47: Small-dominant | UR47: 300 | US47: 3 | UT47: 30 | UU47: 84 | UV47: 15 | UW47: 5 | UX47: 1 | UY47: 902.43819 | VE47: 2 | VF47: 36 | VG47: Small-dominant | VH47: 300 | VI47: 3 | VJ47: 30 | VK47: 84 | VL47: 15 | VM47: 5 | VN47: 1 | VO47: 902.43819 | VU47: 2 | VV47: 36 | VW47: Small-dominant | VX47: 300 | VY47: 3 | VZ47: 30 | WA47: 84 | WB47: 15 | WC47: 5 | WD47: 1 | WE47: 902.43819 | WK47: 2 | WL47: 36 | WM47: Small-dominant | WN47: 300 | WO47: 3 | WP47: 30 | WQ47: 84 | WR47: 15 | WS47: 5 | WT47: 1 | WU47: 902.43819 | XA47: 2 | XB47: 36 | XC47: Small-dominant | XD47: 300 | XE47: 3 | XF47: 30 | XG47: 84 | XH47: 15 | XI47: 5 | XJ47: 1 | XK47: 902.43819 | XQ47: 2 | XR47: 36 | XS47: Small-dominant | XT47: 300 | XU47: 3 | XV47: 30 | XW47: 84 | XX47: 15 | XY47: 5 | XZ47: 1 | YA47: 902.43819 | YG47: 2 | YH47: 36 | YI47: Small-dominant | YJ47: 300 | YK47: 3 | YL47: 30 | YM47: 84 | YN47: 15 | YO47: 5 | YP47: 1 | YQ47: 902.43819 | YW47: 2 | YX47: 36 | YY47: Small-dominant | YZ47: 300 | ZA47: 3 | ZB47: 30 | ZC47: 84 | ZD47: 15 | ZE47: 5 | ZF47: 1 | ZG47: 902.43819 | ZM47: 2 | ZN47: 36 | ZO47: Small-dominant | ZP47: 300 | ZQ47: 3 | ZR47: 30 | ZS47: 84 | ZT47: 15 | ZU47: 5 | ZV47: 1 | ZW47: 902.43819 | AAC47: 2 | AAD47: 36 | AAE47: Small-dominant | AAF47: 300 | AAG47: 3 | AAH47: 30 | AAI47: 84 | AAJ47: 15 | AAK47: 5 | AAL47: 1 | AAM47: 902.43819 | AAS47: 2 | AAT47: 36 | AAU47: Small-dominant | AAV47: 300 | AAW47: 3 | AAX47: 30 | AAY47: 84 | AAZ47: 15 | ABA47: 5 | ABB47: 1 | ABC47: 902.43819 | ABI47: 2 | ABJ47: 36 | ABK47: Small-dominant | ABL47: 300 | ABM47: 3 | ABN47: 30 | ABO47: 84 | ABP47: 15 | ABQ47: 5 | ABR47: 1 | ABS47: 902.43819 | ABY47: 2 | ABZ47: 36 | ACA47: Small-dominant | ACB47: 300 | ACC47: 3 | ACD47: 30 | ACE47: 84 | ACF47: 15 | ACG47: 5 | ACH47: 1 | ACI47: 902.43819 | ACO47: 2 | ACP47: 36 | ACQ47: Small-dominant | ACR47: 300 | ACS47: 3 | ACT47: 30 | ACU47: 84 | ACV47: 15 | ACW47: 5 | ACX47: 1 | ACY47: 902.43819 | ADE47: 2 | ADF47: 36 | ADG47: Small-dominant | ADH47: 300 | ADI47: 3 | ADJ47: 30 | ADK47: 84 | ADL47: 15 | ADM47: 5 | ADN47: 1 | ADO47: 902.43819 | ADU47: 2 | ADV47: 36 | ADW47: Small-dominant | ADX47: 300 | ADY47: 3 | ADZ47: 30 | AEA47: 84 | AEB47: 15 | AEC47: 5 | AED47: 1 | AEE47: 902.43819 | AEK47: 2 | AEL47: 36 | AEM47: Small-dominant | AEN47: 300 | AEO47: 3 | AEP47: 30 | AEQ47: 84 | AER47: 15 | AES47: 5 | AET47: 1 | AEU47: 902.43819 | AFA47: 2 | AFB47: 36 | AFC47: Small-dominant | AFD47: 300 | AFE47: 3 | AFF47: 30 | AFG47: 84 | AFH47: 15 | AFI47: 5 | AFJ47: 1 | AFK47: 902.43819 | AFQ47: 2 | AFR47: 36 | AFS47: Small-dominant | AFT47: 300 | AFU47: 3 | AFV47: 30 | AFW47: 84 | AFX47: 15 | AFY47: 5 | AFZ47: 1 | AGA47: 902.43819 | AGG47: 2 | AGH47: 36 | AGI47: Small-dominant | AGJ47: 300 | AGK47: 3 | AGL47: 30 | AGM47: 84 | AGN47: 15 | AGO47: 5 | AGP47: 1 | AGQ47: 902.43819 | AGW47: 2 | AGX47: 36 | AGY47: Small-dominant | AGZ47: 300 | AHA47: 3 | AHB47: 30 | AHC47: 84 | AHD47: 15 | AHE47: 5 | AHF47: 1 | AHG47: 902.43819 | AHM47: 2 | AHN47: 36 | AHO47: Small-dominant | AHP47: 300 | AHQ47: 3 | AHR47: 30 | AHS47: 84 | AHT47: 15 | AHU47: 5 | AHV47: 1 | AHW47: 902.43819 | AIC47: 2 | AID47: 36 | AIE47: Small-dominant | AIF47: 300 | AIG47: 3 | AIH47: 30 | AII47: 84 | AIJ47: 15 | AIK47: 5 | AIL47: 1 | AIM47: 902.43819 | AIS47: 2 | AIT47: 36 | AIU47: Small-dominant | AIV47: 300 | AIW47: 3 | AIX47: 30 | AIY47: 84 | AIZ47: 15 | AJA47: 5 | AJB47: 1 | AJC47: 902.43819 | AJI47: 2 | AJJ47: 36 | AJK47: Small-dominant | AJL47: 300 | AJM47: 3 | AJN47: 30 | AJO47: 84 | AJP47: 15 | AJQ47: 5 | AJR47: 1 | AJS47: 902.43819 | AJY47: 2 | AJZ47: 36 | AKA47: Small-dominant | AKB47: 300 | AKC47: 3 | AKD47: 30 | AKE47: 84 | AKF47: 15 | AKG47: 5 | AKH47: 1 | AKI47: 902.43819 | AKO47: 2 | AKP47: 36 | AKQ47: Small-dominant | AKR47: 300 | AKS47: 3 | AKT47: 30 | AKU47: 84 | AKV47: 15 | AKW47: 5 | AKX47: 1 | AKY47: 902.43819 | ALE47: 2 | ALF47: 36 | ALG47: Small-dominant | ALH47: 300 | ALI47: 3 | ALJ47: 30 | ALK47: 84 | ALL47: 15 | ALM47: 5 | ALN47: 1 | ALO47: 902.43819 | ALU47: 2 | ALV47: 36 | ALW47: Small-dominant | ALX47: 300 | ALY47: 3 | ALZ47: 30 | AMA47: 84 | AMB47: 15 | AMC47: 5 | AMD47: 1 | AME47: 902.43819 | AMK47: 2 | AML47: 36 | AMM47: Small-dominant | AMN47: 300 | AMO47: 3 | AMP47: 30 | AMQ47: 84 | AMR47: 15 | AMS47: 5 | AMT47: 1 | AMU47: 902.43819 | ANA47: 2 | ANB47: 36 | ANC47: Small-dominant | AND47: 300 | ANE47: 3 | ANF47: 30 | ANG47: 84 | ANH47: 15 | ANI47: 5 | ANJ47: 1 | ANK47: 902.43819 | ANQ47: 2 | ANR47: 36 | ANS47: Small-dominant | ANT47: 300 | ANU47: 3 | ANV47: 30 | ANW47: 84 | ANX47: 15 | ANY47: 5 | ANZ47: 1 | AOA47: 902.43819 | AOG47: 2 | AOH47: 36 | AOI47: Small-dominant | AOJ47: 300 | AOK47: 3 | AOL47: 30 | AOM47: 84 | AON47: 15 | AOO47: 5 | AOP47: 1 | AOQ47: 902.43819 | AOW47: 2 | AOX47: 36 | AOY47: Small-dominant | AOZ47: 300 | APA47: 3 | APB47: 30 | APC47: 84 | APD47: 15 | APE47: 5 | APF47: 1 | APG47: 902.43819 | APM47: 2 | APN47: 36 | APO47: Small-dominant | APP47: 300 | APQ47: 3 | APR47: 30 | APS47: 84 | APT47: 15 | APU47: 5 | APV47: 1 | APW47: 902.43819 | AQC47: 2 | AQD47: 36 | AQE47: Small-dominant | AQF47: 300 | AQG47: 3 | AQH47: 30 | AQI47: 84 | AQJ47: 15 | AQK47: 5 | AQL47: 1 | AQM47: 902.43819 | AQS47: 2 | AQT47: 36 | AQU47: Small-dominant | AQV47: 300 | AQW47: 3 | AQX47: 30 | AQY47: 84 | AQZ47: 15 | ARA47: 5 | ARB47: 1 | ARC47: 902.43819 | ARI47: 2 | ARJ47: 36 | ARK47: Small-dominant | ARL47: 300 | ARM47: 3 | ARN47: 30 | ARO47: 84 | ARP47: 15 | ARQ47: 5 | ARR47: 1 | ARS47: 902.43819 | ARY47: 2 | ARZ47: 36 | ASA47: Small-dominant | ASB47: 300 | ASC47: 3 | ASD47: 30 | ASE47: 84 | ASF47: 15 | ASG47: 5 | ASH47: 1 | ASI47: 902.43819 | ASO47: 2 | ASP47: 36 | ASQ47: Small-dominant | ASR47: 300 | ASS47: 3 | AST47: 30 | ASU47: 84 | ASV47: 15 | ASW47: 5 | ASX47: 1 | ASY47: 902.43819 | ATE47: 2 | ATF47: 36 | ATG47: Small-dominant | ATH47: 300 | ATI47: 3 | ATJ47: 30 | ATK47: 84 | ATL47: 15 | ATM47: 5 | ATN47: 1 | ATO47: 902.43819 | ATU47: 2 | ATV47: 36 | ATW47: Small-dominant | ATX47: 300 | ATY47: 3 | ATZ47: 30 | AUA47: 84 | AUB47: 15 | AUC47: 5 | AUD47: 1 | AUE47: 902.43819 | AUK47: 2 | AUL47: 36 | AUM47: Small-dominant | AUN47: 300 | AUO47: 3 | AUP47: 30 | AUQ47: 84 | AUR47: 15 | AUS47: 5 | AUT47: 1 | AUU47: 902.43819 | AVA47: 2 | AVB47: 36 | AVC47: Small-dominant | AVD47: 300 | AVE47: 3 | AVF47: 30 | AVG47: 84 | AVH47: 15 | AVI47: 5 | AVJ47: 1 | AVK47: 902.43819 | AVQ47: 2 | AVR47: 36 | AVS47: Small-dominant | AVT47: 300 | AVU47: 3 | AVV47: 30 | AVW47: 84 | AVX47: 15 | AVY47: 5 | AVZ47: 1 | AWA47: 902.43819 | AWG47: 2 | AWH47: 36 | AWI47: Small-dominant | AWJ47: 300 | AWK47: 3 | AWL47: 30 | AWM47: 84 | AWN47: 15 | AWO47: 5 | AWP47: 1 | AWQ47: 902.43819 | AWW47: 2 | AWX47: 36 | AWY47: Small-dominant | AWZ47: 300 | AXA47: 3 | AXB47: 30 | AXC47: 84 | AXD47: 15 | AXE47: 5 | AXF47: 1 | AXG47: 902.43819 | AXM47: 2 | AXN47: 36 | AXO47: Small-dominant | AXP47: 300 | AXQ47: 3 | AXR47: 30 | AXS47: 84 | AXT47: 15 | AXU47: 5 | AXV47: 1 | AXW47: 902.43819 | AYC47: 2 | AYD47: 36 | AYE47: Small-dominant | AYF47: 300 | AYG47: 3 | AYH47: 30 | AYI47: 84 | AYJ47: 15 | AYK47: 5 | AYL47: 1 | AYM47: 902.43819 | AYS47: 2 | AYT47: 36 | AYU47: Small-dominant | AYV47: 300 | AYW47: 3 | AYX47: 30 | AYY47: 84 | AYZ47: 15 | AZA47: 5 | AZB47: 1 | AZC47: 902.43819 | AZI47: 2 | AZJ47: 36 | AZK47: Small-dominant | AZL47: 300 | AZM47: 3 | AZN47: 30 | AZO47: 84 | AZP47: 15 | AZQ47: 5 | AZR47: 1 | AZS47: 902.43819 | AZY47: 2 | AZZ47: 36 | BAA47: Small-dominant | BAB47: 300 | BAC47: 3 | BAD47: 30 | BAE47: 84 | BAF47: 15 | BAG47: 5 | BAH47: 1 | BAI47: 902.43819 | BAO47: 2 | BAP47: 36 | BAQ47: Small-dominant | BAR47: 300 | BAS47: 3 | BAT47: 30 | BAU47: 84 | BAV47: 15 | BAW47: 5 | BAX47: 1 | BAY47: 902.43819 | BBE47: 2 | BBF47: 36 | BBG47: Small-dominant | BBH47: 300 | BBI47: 3 | BBJ47: 30 | BBK47: 84 | BBL47: 15 | BBM47: 5 | BBN47: 1 | BBO47: 902.43819 | BBU47: 2 | BBV47: 36 | BBW47: Small-dominant | BBX47: 300 | BBY47: 3 | BBZ47: 30 | BCA47: 84 | BCB47: 15 | BCC47: 5 | BCD47: 1 | BCE47: 902.43819 | BCK47: 2 | BCL47: 36 | BCM47: Small-dominant | BCN47: 300 | BCO47: 3 | BCP47: 30 | BCQ47: 84 | BCR47: 15 | BCS47: 5 | BCT47: 1 | BCU47: 902.43819 | BDA47: 2 | BDB47: 36 | BDC47: Small-dominant | BDD47: 300 | BDE47: 3 | BDF47: 30 | BDG47: 84 | BDH47: 15 | BDI47: 5 | BDJ47: 1 | BDK47: 902.43819 | BDQ47: 2 | BDR47: 36 | BDS47: Small-dominant | BDT47: 300 | BDU47: 3 | BDV47: 30 | BDW47: 84 | BDX47: 15 | BDY47: 5 | BDZ47: 1 | BEA47: 902.43819 | BEG47: 2 | BEH47: 36 | BEI47: Small-dominant | BEJ47: 300 | BEK47: 3 | BEL47: 30 | BEM47: 84 | BEN47: 15 | BEO47: 5 | BEP47: 1 | BEQ47: 902.43819 | BEW47: 2 | BEX47: 36 | BEY47: Small-dominant | BEZ47: 300 | BFA47: 3 | BFB47: 30 | BFC47: 84 | BFD47: 15 | BFE47: 5 | BFF47: 1 | BFG47: 902.43819 | BFM47: 2 | BFN47: 36 | BFO47: Small-dominant | BFP47: 300 | BFQ47: 3 | BFR47: 30 | BFS47: 84 | BFT47: 15 | BFU47: 5 | BFV47: 1 | BFW47: 902.43819 | BGC47: 2 | BGD47: 36 | BGE47: Small-dominant | BGF47: 300 | BGG47: 3 | BGH47: 30 | BGI47: 84 | BGJ47: 15 | BGK47: 5 | BGL47: 1 | BGM47: 902.43819 | BGS47: 2 | BGT47: 36 | BGU47: Small-dominant | BGV47: 300 | BGW47: 3 | BGX47: 30 | BGY47: 84 | BGZ47: 15 | BHA47: 5 | BHB47: 1 | BHC47: 902.43819 | BHI47: 2 | BHJ47: 36 | BHK47: Small-dominant | BHL47: 300 | BHM47: 3 | BHN47: 30 | BHO47: 84 | BHP47: 15 | BHQ47: 5 | BHR47: 1 | BHS47: 902.43819 | BHY47: 2 | BHZ47: 36 | BIA47: Small-dominant | BIB47: 300 | BIC47: 3 | BID47: 30 | BIE47: 84 | BIF47: 15 | BIG47: 5 | BIH47: 1 | BII47: 902.43819 | BIO47: 2 | BIP47: 36 | BIQ47: Small-dominant | BIR47: 300 | BIS47: 3 | BIT47: 30 | BIU47: 84 | BIV47: 15 | BIW47: 5 | BIX47: 1 | BIY47: 902.43819 | BJE47: 2 | BJF47: 36 | BJG47: Small-dominant | BJH47: 300 | BJI47: 3 | BJJ47: 30 | BJK47: 84 | BJL47: 15 | BJM47: 5 | BJN47: 1 | BJO47: 902.43819 | BJU47: 2 | BJV47: 36 | BJW47: Small-dominant | BJX47: 300 | BJY47: 3 | BJZ47: 30 | BKA47: 84 | BKB47: 15 | BKC47: 5 | BKD47: 1 | BKE47: 902.43819 | BKK47: 2 | BKL47: 36 | BKM47: Small-dominant | BKN47: 300 | BKO47: 3 | BKP47: 30 | BKQ47: 84 | BKR47: 15 | BKS47: 5 | BKT47: 1 | BKU47: 902.43819 | BLA47: 2 | BLB47: 36 | BLC47: Small-dominant | BLD47: 300 | BLE47: 3 | BLF47: 30 | BLG47: 84 | BLH47: 15 | BLI47: 5 | BLJ47: 1 | BLK47: 902.43819 | BLQ47: 2 | BLR47: 36 | BLS47: Small-dominant | BLT47: 300 | BLU47: 3 | BLV47: 30 | BLW47: 84 | BLX47: 15 | BLY47: 5 | BLZ47: 1 | BMA47: 902.43819 | BMG47: 2 | BMH47: 36 | BMI47: Small-dominant | BMJ47: 300 | BMK47: 3 | BML47: 30 | BMM47: 84 | BMN47: 15 | BMO47: 5 | BMP47: 1 | BMQ47: 902.43819 | BMW47: 2 | BMX47: 36 | BMY47: Small-dominant | BMZ47: 300 | BNA47: 3 | BNB47: 30 | BNC47: 84 | BND47: 15 | BNE47: 5 | BNF47: 1 | BNG47: 902.43819 | BNM47: 2 | BNN47: 36 | BNO47: Small-dominant | BNP47: 300 | BNQ47: 3 | BNR47: 30 | BNS47: 84 | BNT47: 15 | BNU47: 5 | BNV47: 1 | BNW47: 902.43819 | BOC47: 2 | BOD47: 36 | BOE47: Small-dominant | BOF47: 300 | BOG47: 3 | BOH47: 30 | BOI47: 84 | BOJ47: 15 | BOK47: 5 | BOL47: 1 | BOM47: 902.43819 | BOS47: 2 | BOT47: 36 | BOU47: Small-dominant | BOV47: 300 | BOW47: 3 | BOX47: 30 | BOY47: 84 | BOZ47: 15 | BPA47: 5 | BPB47: 1 | BPC47: 902.43819 | BPI47: 2 | BPJ47: 36 | BPK47: Small-dominant | BPL47: 300 | BPM47: 3 | BPN47: 30 | BPO47: 84 | BPP47: 15 | BPQ47: 5 | BPR47: 1 | BPS47: 902.43819 | BPY47: 2 | BPZ47: 36 | BQA47: Small-dominant | BQB47: 300 | BQC47: 3 | BQD47: 30 | BQE47: 84 | BQF47: 15 | BQG47: 5 | BQH47: 1 | BQI47: 902.43819 | BQO47: 2 | BQP47: 36 | BQQ47: Small-dominant | BQR47: 300 | BQS47: 3 | BQT47: 30 | BQU47: 84 | BQV47: 15 | BQW47: 5 | BQX47: 1 | BQY47: 902.43819 | BRE47: 2 | BRF47: 36 | BRG47: Small-dominant | BRH47: 300 | BRI47: 3 | BRJ47: 30 | BRK47: 84 | BRL47: 15 | BRM47: 5 | BRN47: 1 | BRO47: 902.43819 | BRU47: 2 | BRV47: 36 | BRW47: Small-dominant | BRX47: 300 | BRY47: 3 | BRZ47: 30 | BSA47: 84 | BSB47: 15 | BSC47: 5 | BSD47: 1 | BSE47: 902.43819 | BSK47: 2 | BSL47: 36 | BSM47: Small-dominant | BSN47: 300 | BSO47: 3 | BSP47: 30 | BSQ47: 84 | BSR47: 15 | BSS47: 5 | BST47: 1 | BSU47: 902.43819 | BTA47: 2 | BTB47: 36 | BTC47: Small-dominant | BTD47: 300 | BTE47: 3 | BTF47: 30 | BTG47: 84 | BTH47: 15 | BTI47: 5 | BTJ47: 1 | BTK47: 902.43819 | BTQ47: 2 | BTR47: 36 | BTS47: Small-dominant | BTT47: 300 | BTU47: 3 | BTV47: 30 | BTW47: 84 | BTX47: 15 | BTY47: 5 | BTZ47: 1 | BUA47: 902.43819 | BUG47: 2 | BUH47: 36 | BUI47: Small-dominant | BUJ47: 300 | BUK47: 3 | BUL47: 30 | BUM47: 84 | BUN47: 15 | BUO47: 5 | BUP47: 1 | BUQ47: 902.43819 | BUW47: 2 | BUX47: 36 | BUY47: Small-dominant | BUZ47: 300 | BVA47: 3 | BVB47: 30 | BVC47: 84 | BVD47: 15 | BVE47: 5 | BVF47: 1 | BVG47: 902.43819 | BVM47: 2 | BVN47: 36 | BVO47: Small-dominant | BVP47: 300 | BVQ47: 3 | BVR47: 30 | BVS47: 84 | BVT47: 15 | BVU47: 5 | BVV47: 1 | BVW47: 902.43819 | BWC47: 2 | BWD47: 36 | BWE47: Small-dominant | BWF47: 300 | BWG47: 3 | BWH47: 30 | BWI47: 84 | BWJ47: 15 | BWK47: 5 | BWL47: 1 | BWM47: 902.43819 | BWS47: 2 | BWT47: 36 | BWU47: Small-dominant | BWV47: 300 | BWW47: 3 | BWX47: 30 | BWY47: 84 | BWZ47: 15 | BXA47: 5 | BXB47: 1 | BXC47: 902.43819 | BXI47: 2 | BXJ47: 36 | BXK47: Small-dominant | BXL47: 300 | BXM47: 3 | BXN47: 30 | BXO47: 84 | BXP47: 15 | BXQ47: 5 | BXR47: 1 | BXS47: 902.43819 | BXY47: 2 | BXZ47: 36 | BYA47: Small-dominant | BYB47: 300 | BYC47: 3 | BYD47: 30 | BYE47: 84 | BYF47: 15 | BYG47: 5 | BYH47: 1 | BYI47: 902.43819 | BYO47: 2 | BYP47: 36 | BYQ47: Small-dominant | BYR47: 300 | BYS47: 3 | BYT47: 30 | BYU47: 84 | BYV47: 15 | BYW47: 5 | BYX47: 1 | BYY47: 902.43819 | BZE47: 2 | BZF47: 36 | BZG47: Small-dominant | BZH47: 300 | BZI47: 3 | BZJ47: 30 | BZK47: 84 | BZL47: 15 | BZM47: 5 | BZN47: 1 | BZO47: 902.43819 | BZU47: 2 | BZV47: 36 | BZW47: Small-dominant | BZX47: 300 | BZY47: 3 | BZZ47: 30 | CAA47: 84 | CAB47: 15 | CAC47: 5 | CAD47: 1 | CAE47: 902.43819 | CAK47: 2 | CAL47: 36 | CAM47: Small-dominant | CAN47: 300 | CAO47: 3 | CAP47: 30 | CAQ47: 84 | CAR47: 15 | CAS47: 5 | CAT47: 1 | CAU47: 902.43819 | CBA47: 2 | CBB47: 36 | CBC47: Small-dominant | CBD47: 300 | CBE47: 3 | CBF47: 30 | CBG47: 84 | CBH47: 15 | CBI47: 5 | CBJ47: 1 | CBK47: 902.43819 | CBQ47: 2 | CBR47: 36 | CBS47: Small-dominant | CBT47: 300 | CBU47: 3 | CBV47: 30 | CBW47: 84 | CBX47: 15 | CBY47: 5 | CBZ47: 1 | CCA47: 902.43819 | CCG47: 2 | CCH47: 36 | CCI47: Small-dominant | CCJ47: 300 | CCK47: 3 | CCL47: 30 | CCM47: 84 | CCN47: 15 | CCO47: 5 | CCP47: 1 | CCQ47: 902.43819 | CCW47: 2 | CCX47: 36 | CCY47: Small-dominant | CCZ47: 300 | CDA47: 3 | CDB47: 30 | CDC47: 84 | CDD47: 15 | CDE47: 5 | CDF47: 1 | CDG47: 902.43819 | CDM47: 2 | CDN47: 36 | CDO47: Small-dominant | CDP47: 300 | CDQ47: 3 | CDR47: 30 | CDS47: 84 | CDT47: 15 | CDU47: 5 | CDV47: 1 | CDW47: 902.43819 | CEC47: 2 | CED47: 36 | CEE47: Small-dominant | CEF47: 300 | CEG47: 3 | CEH47: 30 | CEI47: 84 | CEJ47: 15 | CEK47: 5 | CEL47: 1 | CEM47: 902.43819 | CES47: 2 | CET47: 36 | CEU47: Small-dominant | CEV47: 300 | CEW47: 3 | CEX47: 30 | CEY47: 84 | CEZ47: 15 | CFA47: 5 | CFB47: 1 | CFC47: 902.43819 | CFI47: 2 | CFJ47: 36 | CFK47: Small-dominant | CFL47: 300 | CFM47: 3 | CFN47: 30 | CFO47: 84 | CFP47: 15 | CFQ47: 5 | CFR47: 1 | CFS47: 902.43819 | CFY47: 2 | CFZ47: 36 | CGA47: Small-dominant | CGB47: 300 | CGC47: 3 | CGD47: 30 | CGE47: 84 | CGF47: 15 | CGG47: 5 | CGH47: 1 | CGI47: 902.43819 | CGO47: 2 | CGP47: 36 | CGQ47: Small-dominant | CGR47: 300 | CGS47: 3 | CGT47: 30 | CGU47: 84 | CGV47: 15 | CGW47: 5 | CGX47: 1 | CGY47: 902.43819 | CHE47: 2 | CHF47: 36 | CHG47: Small-dominant | CHH47: 300 | CHI47: 3 | CHJ47: 30 | CHK47: 84 | CHL47: 15 | CHM47: 5 | CHN47: 1 | CHO47: 902.43819 | CHU47: 2 | CHV47: 36 | CHW47: Small-dominant | CHX47: 300 | CHY47: 3 | CHZ47: 30 | CIA47: 84 | CIB47: 15 | CIC47: 5 | CID47: 1 | CIE47: 902.43819 | CIK47: 2 | CIL47: 36 | CIM47: Small-dominant | CIN47: 300 | CIO47: 3 | CIP47: 30 | CIQ47: 84 | CIR47: 15 | CIS47: 5 | CIT47: 1 | CIU47: 902.43819 | CJA47: 2 | CJB47: 36 | CJC47: Small-dominant | CJD47: 300 | CJE47: 3 | CJF47: 30 | CJG47: 84 | CJH47: 15 | CJI47: 5 | CJJ47: 1 | CJK47: 902.43819 | CJQ47: 2 | CJR47: 36 | CJS47: Small-dominant | CJT47: 300 | CJU47: 3 | CJV47: 30 | CJW47: 84 | CJX47: 15 | CJY47: 5 | CJZ47: 1 | CKA47: 902.43819 | CKG47: 2 | CKH47: 36 | CKI47: Small-dominant | CKJ47: 300 | CKK47: 3 | CKL47: 30 | CKM47: 84 | CKN47: 15 | CKO47: 5 | CKP47: 1 | CKQ47: 902.43819 | CKW47: 2 | CKX47: 36 | CKY47: Small-dominant | CKZ47: 300 | CLA47: 3 | CLB47: 30 | CLC47: 84 | CLD47: 15 | CLE47: 5 | CLF47: 1 | CLG47: 902.43819 | CLM47: 2 | CLN47: 36 | CLO47: Small-dominant | CLP47: 300 | CLQ47: 3 | CLR47: 30 | CLS47: 84 | CLT47: 15 | CLU47: 5 | CLV47: 1 | CLW47: 902.43819 | CMC47: 2 | CMD47: 36 | CME47: Small-dominant | CMF47: 300 | CMG47: 3 | CMH47: 30 | CMI47: 84 | CMJ47: 15 | CMK47: 5 | CML47: 1 | CMM47: 902.43819 | CMS47: 2 | CMT47: 36 | CMU47: Small-dominant | CMV47: 300 | CMW47: 3 | CMX47: 30 | CMY47: 84 | CMZ47: 15 | CNA47: 5 | CNB47: 1 | CNC47: 902.43819 | CNI47: 2 | CNJ47: 36 | CNK47: Small-dominant | CNL47: 300 | CNM47: 3 | CNN47: 30 | CNO47: 84 | CNP47: 15 | CNQ47: 5 | CNR47: 1 | CNS47: 902.43819 | CNY47: 2 | CNZ47: 36 | COA47: Small-dominant | COB47: 300 | COC47: 3 | COD47: 30 | COE47: 84 | COF47: 15 | COG47: 5 | COH47: 1 | COI47: 902.43819 | COO47: 2 | COP47: 36 | COQ47: Small-dominant | COR47: 300 | COS47: 3 | COT47: 30 | COU47: 84 | COV47: 15 | COW47: 5 | COX47: 1 | COY47: 902.43819 | CPE47: 2 | CPF47: 36 | CPG47: Small-dominant | CPH47: 300 | CPI47: 3 | CPJ47: 30 | CPK47: 84 | CPL47: 15 | CPM47: 5 | CPN47: 1 | CPO47: 902.43819 | CPU47: 2 | CPV47: 36 | CPW47: Small-dominant | CPX47: 300 | CPY47: 3 | CPZ47: 30 | CQA47: 84 | CQB47: 15 | CQC47: 5 | CQD47: 1 | CQE47: 902.43819 | CQK47: 2 | CQL47: 36 | CQM47: Small-dominant | CQN47: 300 | CQO47: 3 | CQP47: 30 | CQQ47: 84 | CQR47: 15 | CQS47: 5 | CQT47: 1 | CQU47: 902.43819 | CRA47: 2 | CRB47: 36 | CRC47: Small-dominant | CRD47: 300 | CRE47: 3 | CRF47: 30 | CRG47: 84 | CRH47: 15 | CRI47: 5 | CRJ47: 1 | CRK47: 902.43819 | CRQ47: 2 | CRR47: 36 | CRS47: Small-dominant | CRT47: 300 | CRU47: 3 | CRV47: 30 | CRW47: 84 | CRX47: 15 | CRY47: 5 | CRZ47: 1 | CSA47: 902.43819 | CSG47: 2 | CSH47: 36 | CSI47: Small-dominant | CSJ47: 300 | CSK47: 3 | CSL47: 30 | CSM47: 84 | CSN47: 15 | CSO47: 5 | CSP47: 1 | CSQ47: 902.43819 | CSW47: 2 | CSX47: 36 | CSY47: Small-dominant | CSZ47: 300 | CTA47: 3 | CTB47: 30 | CTC47: 84 | CTD47: 15 | CTE47: 5 | CTF47: 1 | CTG47: 902.43819 | CTM47: 2 | CTN47: 36 | CTO47: Small-dominant | CTP47: 300 | CTQ47: 3 | CTR47: 30 | CTS47: 84 | CTT47: 15 | CTU47: 5 | CTV47: 1 | CTW47: 902.43819 | CUC47: 2 | CUD47: 36 | CUE47: Small-dominant | CUF47: 300 | CUG47: 3 | CUH47: 30 | CUI47: 84 | CUJ47: 15 | CUK47: 5 | CUL47: 1 | CUM47: 902.43819 | CUS47: 2 | CUT47: 36 | CUU47: Small-dominant | CUV47: 300 | CUW47: 3 | CUX47: 30 | CUY47: 84 | CUZ47: 15 | CVA47: 5 | CVB47: 1 | CVC47: 902.43819 | CVI47: 2 | CVJ47: 36 | CVK47: Small-dominant | CVL47: 300 | CVM47: 3 | CVN47: 30 | CVO47: 84 | CVP47: 15 | CVQ47: 5 | CVR47: 1 | CVS47: 902.43819 | CVY47: 2 | CVZ47: 36 | CWA47: Small-dominant | CWB47: 300 | CWC47: 3 | CWD47: 30 | CWE47: 84 | CWF47: 15 | CWG47: 5 | CWH47: 1 | CWI47: 902.43819 | CWO47: 2 | CWP47: 36 | CWQ47: Small-dominant | CWR47: 300 | CWS47: 3 | CWT47: 30 | CWU47: 84 | CWV47: 15 | CWW47: 5 | CWX47: 1 | CWY47: 902.43819 | CXE47: 2 | CXF47: 36 | CXG47: Small-dominant | CXH47: 300 | CXI47: 3 | CXJ47: 30 | CXK47: 84 | CXL47: 15 | CXM47: 5 | CXN47: 1 | CXO47: 902.43819 | CXU47: 2 | CXV47: 36 | CXW47: Small-dominant | CXX47: 300 | CXY47: 3 | CXZ47: 30 | CYA47: 84 | CYB47: 15 | CYC47: 5 | CYD47: 1 | CYE47: 902.43819 | CYK47: 2 | CYL47: 36 | CYM47: Small-dominant | CYN47: 300 | CYO47: 3 | CYP47: 30 | CYQ47: 84 | CYR47: 15 | CYS47: 5 | CYT47: 1 | CYU47: 902.43819 | CZA47: 2 | CZB47: 36 | CZC47: Small-dominant | CZD47: 300 | CZE47: 3 | CZF47: 30 | CZG47: 84 | CZH47: 15 | CZI47: 5 | CZJ47: 1 | CZK47: 902.43819 | CZQ47: 2 | CZR47: 36 | CZS47: Small-dominant | CZT47: 300 | CZU47: 3 | CZV47: 30 | CZW47: 84 | CZX47: 15 | CZY47: 5 | CZZ47: 1 | DAA47: 902.43819 | DAG47: 2 | DAH47: 36 | DAI47: Small-dominant | DAJ47: 300 | DAK47: 3 | DAL47: 30 | DAM47: 84 | DAN47: 15 | DAO47: 5 | DAP47: 1 | DAQ47: 902.43819 | DAW47: 2 | DAX47: 36 | DAY47: Small-dominant | DAZ47: 300 | DBA47: 3 | DBB47: 30 | DBC47: 84 | DBD47: 15 | DBE47: 5 | DBF47: 1 | DBG47: 902.43819 | DBM47: 2 | DBN47: 36 | DBO47: Small-dominant | DBP47: 300 | DBQ47: 3 | DBR47: 30 | DBS47: 84 | DBT47: 15 | DBU47: 5 | DBV47: 1 | DBW47: 902.43819 | DCC47: 2 | DCD47: 36 | DCE47: Small-dominant | DCF47: 300 | DCG47: 3 | DCH47: 30 | DCI47: 84 | DCJ47: 15 | DCK47: 5 | DCL47: 1 | DCM47: 902.43819 | DCS47: 2 | DCT47: 36 | DCU47: Small-dominant | DCV47: 300 | DCW47: 3 | DCX47: 30 | DCY47: 84 | DCZ47: 15 | DDA47: 5 | DDB47: 1 | DDC47: 902.43819 | DDI47: 2 | DDJ47: 36 | DDK47: Small-dominant | DDL47: 300 | DDM47: 3 | DDN47: 30 | DDO47: 84 | DDP47: 15 | DDQ47: 5 | DDR47: 1 | DDS47: 902.43819 | DDY47: 2 | DDZ47: 36 | DEA47: Small-dominant | DEB47: 300 | DEC47: 3 | DED47: 30 | DEE47: 84 | DEF47: 15 | DEG47: 5 | DEH47: 1 | DEI47: 902.43819 | DEO47: 2 | DEP47: 36 | DEQ47: Small-dominant | DER47: 300 | DES47: 3 | DET47: 30 | DEU47: 84 | DEV47: 15 | DEW47: 5 | DEX47: 1 | DEY47: 902.43819 | DFE47: 2 | DFF47: 36 | DFG47: Small-dominant | DFH47: 300 | DFI47: 3 | DFJ47: 30 | DFK47: 84 | DFL47: 15 | DFM47: 5 | DFN47: 1 | DFO47: 902.43819 | DFU47: 2 | DFV47: 36 | DFW47: Small-dominant | DFX47: 300 | DFY47: 3 | DFZ47: 30 | DGA47: 84 | DGB47: 15 | DGC47: 5 | DGD47: 1 | DGE47: 902.43819 | DGK47: 2 | DGL47: 36 | DGM47: Small-dominant | DGN47: 300 | DGO47: 3 | DGP47: 30 | DGQ47: 84 | DGR47: 15 | DGS47: 5 | DGT47: 1 | DGU47: 902.43819 | DHA47: 2 | DHB47: 36 | DHC47: Small-dominant | DHD47: 300 | DHE47: 3 | DHF47: 30 | DHG47: 84 | DHH47: 15 | DHI47: 5 | DHJ47: 1 | DHK47: 902.43819 | DHQ47: 2 | DHR47: 36 | DHS47: Small-dominant | DHT47: 300 | DHU47: 3 | DHV47: 30 | DHW47: 84 | DHX47: 15 | DHY47: 5 | DHZ47: 1 | DIA47: 902.43819 | DIG47: 2 | DIH47: 36 | DII47: Small-dominant | DIJ47: 300 | DIK47: 3 | DIL47: 30 | DIM47: 84 | DIN47: 15 | DIO47: 5 | DIP47: 1 | DIQ47: 902.43819 | DIW47: 2 | DIX47: 36 | DIY47: Small-dominant | DIZ47: 300 | DJA47: 3 | DJB47: 30 | DJC47: 84 | DJD47: 15 | DJE47: 5 | DJF47: 1 | DJG47: 902.43819 | DJM47: 2 | DJN47: 36 | DJO47: Small-dominant | DJP47: 300 | DJQ47: 3 | DJR47: 30 | DJS47: 84 | DJT47: 15 | DJU47: 5 | DJV47: 1 | DJW47: 902.43819 | DKC47: 2 | DKD47: 36 | DKE47: Small-dominant | DKF47: 300 | DKG47: 3 | DKH47: 30 | DKI47: 84 | DKJ47: 15 | DKK47: 5 | DKL47: 1 | DKM47: 902.43819 | DKS47: 2 | DKT47: 36 | DKU47: Small-dominant | DKV47: 300 | DKW47: 3 | DKX47: 30 | DKY47: 84 | DKZ47: 15 | DLA47: 5 | DLB47: 1 | DLC47: 902.43819 | DLI47: 2 | DLJ47: 36 | DLK47: Small-dominant | DLL47: 300 | DLM47: 3 | DLN47: 30 | DLO47: 84 | DLP47: 15 | DLQ47: 5 | DLR47: 1 | DLS47: 902.43819 | DLY47: 2 | DLZ47: 36 | DMA47: Small-dominant | DMB47: 300 | DMC47: 3 | DMD47: 30 | DME47: 84 | DMF47: 15 | DMG47: 5 | DMH47: 1 | DMI47: 902.43819 | DMO47: 2 | DMP47: 36 | DMQ47: Small-dominant | DMR47: 300 | DMS47: 3 | DMT47: 30 | DMU47: 84 | DMV47: 15 | DMW47: 5 | DMX47: 1 | DMY47: 902.43819 | DNE47: 2 | DNF47: 36 | DNG47: Small-dominant | DNH47: 300 | DNI47: 3 | DNJ47: 30 | DNK47: 84 | DNL47: 15 | DNM47: 5 | DNN47: 1 | DNO47: 902.43819 | DNU47: 2 | DNV47: 36 | DNW47: Small-dominant | DNX47: 300 | DNY47: 3 | DNZ47: 30 | DOA47: 84 | DOB47: 15 | DOC47: 5 | DOD47: 1 | DOE47: 902.43819 | DOK47: 2 | DOL47: 36 | DOM47: Small-dominant | DON47: 300 | DOO47: 3 | DOP47: 30 | DOQ47: 84 | DOR47: 15 | DOS47: 5 | DOT47: 1 | DOU47: 902.43819 | DPA47: 2 | DPB47: 36 | DPC47: Small-dominant | DPD47: 300 | DPE47: 3 | DPF47: 30 | DPG47: 84 | DPH47: 15 | DPI47: 5 | DPJ47: 1 | DPK47: 902.43819 | DPQ47: 2 | DPR47: 36 | DPS47: Small-dominant | DPT47: 300 | DPU47: 3 | DPV47: 30 | DPW47: 84 | DPX47: 15 | DPY47: 5 | DPZ47: 1 | DQA47: 902.43819 | DQG47: 2 | DQH47: 36 | DQI47: Small-dominant | DQJ47: 300 | DQK47: 3 | DQL47: 30 | DQM47: 84 | DQN47: 15 | DQO47: 5 | DQP47: 1 | DQQ47: 902.43819 | DQW47: 2 | DQX47: 36 | DQY47: Small-dominant | DQZ47: 300 | DRA47: 3 | DRB47: 30 | DRC47: 84 | DRD47: 15 | DRE47: 5 | DRF47: 1 | DRG47: 902.43819 | DRM47: 2 | DRN47: 36 | DRO47: Small-dominant | DRP47: 300 | DRQ47: 3 | DRR47: 30 | DRS47: 84 | DRT47: 15 | DRU47: 5 | DRV47: 1 | DRW47: 902.43819 | DSC47: 2 | DSD47: 36 | DSE47: Small-dominant | DSF47: 300 | DSG47: 3 | DSH47: 30 | DSI47: 84 | DSJ47: 15 | DSK47: 5 | DSL47: 1 | DSM47: 902.43819 | DSS47: 2 | DST47: 36 | DSU47: Small-dominant | DSV47: 300 | DSW47: 3 | DSX47: 30 | DSY47: 84 | DSZ47: 15 | DTA47: 5 | DTB47: 1 | DTC47: 902.43819 | DTI47: 2 | DTJ47: 36 | DTK47: Small-dominant | DTL47: 300 | DTM47: 3 | DTN47: 30 | DTO47: 84 | DTP47: 15 | DTQ47: 5 | DTR47: 1 | DTS47: 902.43819 | DTY47: 2 | DTZ47: 36 | DUA47: Small-dominant | DUB47: 300 | DUC47: 3 | DUD47: 30 | DUE47: 84 | DUF47: 15 | DUG47: 5 | DUH47: 1 | DUI47: 902.43819 | DUO47: 2 | DUP47: 36 | DUQ47: Small-dominant | DUR47: 300 | DUS47: 3 | DUT47: 30 | DUU47: 84 | DUV47: 15 | DUW47: 5 | DUX47: 1 | DUY47: 902.43819 | DVE47: 2 | DVF47: 36 | DVG47: Small-dominant | DVH47: 300 | DVI47: 3 | DVJ47: 30 | DVK47: 84 | DVL47: 15 | DVM47: 5 | DVN47: 1 | DVO47: 902.43819 | DVU47: 2 | DVV47: 36 | DVW47: Small-dominant | DVX47: 300 | DVY47: 3 | DVZ47: 30 | DWA47: 84 | DWB47: 15 | DWC47: 5 | DWD47: 1 | DWE47: 902.43819 | DWK47: 2 | DWL47: 36 | DWM47: Small-dominant | DWN47: 300 | DWO47: 3 | DWP47: 30 | DWQ47: 84 | DWR47: 15 | DWS47: 5 | DWT47: 1 | DWU47: 902.43819 | DXA47: 2 | DXB47: 36 | DXC47: Small-dominant | DXD47: 300 | DXE47: 3 | DXF47: 30 | DXG47: 84 | DXH47: 15 | DXI47: 5 | DXJ47: 1 | DXK47: 902.43819 | DXQ47: 2 | DXR47: 36 | DXS47: Small-dominant | DXT47: 300 | DXU47: 3 | DXV47: 30 | DXW47: 84 | DXX47: 15 | DXY47: 5 | DXZ47: 1 | DYA47: 902.43819 | DYG47: 2 | DYH47: 36 | DYI47: Small-dominant | DYJ47: 300 | DYK47: 3 | DYL47: 30 | DYM47: 84 | DYN47: 15 | DYO47: 5 | DYP47: 1 | DYQ47: 902.43819 | DYW47: 2 | DYX47: 36 | DYY47: Small-dominant | DYZ47: 300 | DZA47: 3 | DZB47: 30 | DZC47: 84 | DZD47: 15 | DZE47: 5 | DZF47: 1 | DZG47: 902.43819 | DZM47: 2 | DZN47: 36 | DZO47: Small-dominant | DZP47: 300 | DZQ47: 3 | DZR47: 30 | DZS47: 84 | DZT47: 15 | DZU47: 5 | DZV47: 1 | DZW47: 902.43819 | EAC47: 2 | EAD47: 36 | EAE47: Small-dominant | EAF47: 300 | EAG47: 3 | EAH47: 30 | EAI47: 84 | EAJ47: 15 | EAK47: 5 | EAL47: 1 | EAM47: 902.43819 | EAS47: 2 | EAT47: 36 | EAU47: Small-dominant | EAV47: 300 | EAW47: 3 | EAX47: 30 | EAY47: 84 | EAZ47: 15 | EBA47: 5 | EBB47: 1 | EBC47: 902.43819 | EBI47: 2 | EBJ47: 36 | EBK47: Small-dominant | EBL47: 300 | EBM47: 3 | EBN47: 30 | EBO47: 84 | EBP47: 15 | EBQ47: 5 | EBR47: 1 | EBS47: 902.43819 | EBY47: 2 | EBZ47: 36 | ECA47: Small-dominant | ECB47: 300 | ECC47: 3 | ECD47: 30 | ECE47: 84 | ECF47: 15 | ECG47: 5 | ECH47: 1 | ECI47: 902.43819 | ECO47: 2 | ECP47: 36 | ECQ47: Small-dominant | ECR47: 300 | ECS47: 3 | ECT47: 30 | ECU47: 84 | ECV47: 15 | ECW47: 5 | ECX47: 1 | ECY47: 902.43819 | EDE47: 2 | EDF47: 36 | EDG47: Small-dominant | EDH47: 300 | EDI47: 3 | EDJ47: 30 | EDK47: 84 | EDL47: 15 | EDM47: 5 | EDN47: 1 | EDO47: 902.43819 | EDU47: 2 | EDV47: 36 | EDW47: Small-dominant | EDX47: 300 | EDY47: 3 | EDZ47: 30 | EEA47: 84 | EEB47: 15 | EEC47: 5 | EED47: 1 | EEE47: 902.43819 | EEK47: 2 | EEL47: 36 | EEM47: Small-dominant | EEN47: 300 | EEO47: 3 | EEP47: 30 | EEQ47: 84 | EER47: 15 | EES47: 5 | EET47: 1 | EEU47: 902.43819 | EFA47: 2 | EFB47: 36 | EFC47: Small-dominant | EFD47: 300 | EFE47: 3 | EFF47: 30 | EFG47: 84 | EFH47: 15 | EFI47: 5 | EFJ47: 1 | EFK47: 902.43819 | EFQ47: 2 | EFR47: 36 | EFS47: Small-dominant | EFT47: 300 | EFU47: 3 | EFV47: 30 | EFW47: 84 | EFX47: 15 | EFY47: 5 | EFZ47: 1 | EGA47: 902.43819 | EGG47: 2 | EGH47: 36 | EGI47: Small-dominant | EGJ47: 300 | EGK47: 3 | EGL47: 30 | EGM47: 84 | EGN47: 15 | EGO47: 5 | EGP47: 1 | EGQ47: 902.43819 | EGW47: 2 | EGX47: 36 | EGY47: Small-dominant | EGZ47: 300 | EHA47: 3 | EHB47: 30 | EHC47: 84 | EHD47: 15 | EHE47: 5 | EHF47: 1 | EHG47: 902.43819 | EHM47: 2 | EHN47: 36 | EHO47: Small-dominant | EHP47: 300 | EHQ47: 3 | EHR47: 30 | EHS47: 84 | EHT47: 15 | EHU47: 5 | EHV47: 1 | EHW47: 902.43819 | EIC47: 2 | EID47: 36 | EIE47: Small-dominant | EIF47: 300 | EIG47: 3 | EIH47: 30 | EII47: 84 | EIJ47: 15 | EIK47: 5 | EIL47: 1 | EIM47: 902.43819 | EIS47: 2 | EIT47: 36 | EIU47: Small-dominant | EIV47: 300 | EIW47: 3 | EIX47: 30 | EIY47: 84 | EIZ47: 15 | EJA47: 5 | EJB47: 1 | EJC47: 902.43819 | EJI47: 2 | EJJ47: 36 | EJK47: Small-dominant | EJL47: 300 | EJM47: 3 | EJN47: 30 | EJO47: 84 | EJP47: 15 | EJQ47: 5 | EJR47: 1 | EJS47: 902.43819 | EJY47: 2 | EJZ47: 36 | EKA47: Small-dominant | EKB47: 300 | EKC47: 3 | EKD47: 30 | EKE47: 84 | EKF47: 15 | EKG47: 5 | EKH47: 1 | EKI47: 902.43819 | EKO47: 2 | EKP47: 36 | EKQ47: Small-dominant | EKR47: 300 | EKS47: 3 | EKT47: 30 | EKU47: 84 | EKV47: 15 | EKW47: 5 | EKX47: 1 | EKY47: 902.43819 | ELE47: 2 | ELF47: 36 | ELG47: Small-dominant | ELH47: 300 | ELI47: 3 | ELJ47: 30 | ELK47: 84 | ELL47: 15 | ELM47: 5 | ELN47: 1 | ELO47: 902.43819 | ELU47: 2 | ELV47: 36 | ELW47: Small-dominant | ELX47: 300 | ELY47: 3 | ELZ47: 30 | EMA47: 84 | EMB47: 15 | EMC47: 5 | EMD47: 1 | EME47: 902.43819 | EMK47: 2 | EML47: 36 | EMM47: Small-dominant | EMN47: 300 | EMO47: 3 | EMP47: 30 | EMQ47: 84 | EMR47: 15 | EMS47: 5 | EMT47: 1 | EMU47: 902.43819 | ENA47: 2 | ENB47: 36 | ENC47: Small-dominant | END47: 300 | ENE47: 3 | ENF47: 30 | ENG47: 84 | ENH47: 15 | ENI47: 5 | ENJ47: 1 | ENK47: 902.43819 | ENQ47: 2 | ENR47: 36 | ENS47: Small-dominant | ENT47: 300 | ENU47: 3 | ENV47: 30 | ENW47: 84 | ENX47: 15 | ENY47: 5 | ENZ47: 1 | EOA47: 902.43819 | EOG47: 2 | EOH47: 36 | EOI47: Small-dominant | EOJ47: 300 | EOK47: 3 | EOL47: 30 | EOM47: 84 | EON47: 15 | EOO47: 5 | EOP47: 1 | EOQ47: 902.43819 | EOW47: 2 | EOX47: 36 | EOY47: Small-dominant | EOZ47: 300 | EPA47: 3 | EPB47: 30 | EPC47: 84 | EPD47: 15 | EPE47: 5 | EPF47: 1 | EPG47: 902.43819 | EPM47: 2 | EPN47: 36 | EPO47: Small-dominant | EPP47: 300 | EPQ47: 3 | EPR47: 30 | EPS47: 84 | EPT47: 15 | EPU47: 5 | EPV47: 1 | EPW47: 902.43819 | EQC47: 2 | EQD47: 36 | EQE47: Small-dominant | EQF47: 300 | EQG47: 3 | EQH47: 30 | EQI47: 84 | EQJ47: 15 | EQK47: 5 | EQL47: 1 | EQM47: 902.43819 | EQS47: 2 | EQT47: 36 | EQU47: Small-dominant | EQV47: 300 | EQW47: 3 | EQX47: 30 | EQY47: 84 | EQZ47: 15 | ERA47: 5 | ERB47: 1 | ERC47: 902.43819 | ERI47: 2 | ERJ47: 36 | ERK47: Small-dominant | ERL47: 300 | ERM47: 3 | ERN47: 30 | ERO47: 84 | ERP47: 15 | ERQ47: 5 | ERR47: 1 | ERS47: 902.43819 | ERY47: 2 | ERZ47: 36 | ESA47: Small-dominant | ESB47: 300 | ESC47: 3 | ESD47: 30 | ESE47: 84 | ESF47: 15 | ESG47: 5 | ESH47: 1 | ESI47: 902.43819 | ESO47: 2 | ESP47: 36 | ESQ47: Small-dominant | ESR47: 300 | ESS47: 3 | EST47: 30 | ESU47: 84 | ESV47: 15 | ESW47: 5 | ESX47: 1 | ESY47: 902.43819 | ETE47: 2 | ETF47: 36 | ETG47: Small-dominant | ETH47: 300 | ETI47: 3 | ETJ47: 30 | ETK47: 84 | ETL47: 15 | ETM47: 5 | ETN47: 1 | ETO47: 902.43819 | ETU47: 2 | ETV47: 36 | ETW47: Small-dominant | ETX47: 300 | ETY47: 3 | ETZ47: 30 | EUA47: 84 | EUB47: 15 | EUC47: 5 | EUD47: 1 | EUE47: 902.43819 | EUK47: 2 | EUL47: 36 | EUM47: Small-dominant | EUN47: 300 | EUO47: 3 | EUP47: 30 | EUQ47: 84 | EUR47: 15 | EUS47: 5 | EUT47: 1 | EUU47: 902.43819 | EVA47: 2 | EVB47: 36 | EVC47: Small-dominant | EVD47: 300 | EVE47: 3 | EVF47: 30 | EVG47: 84 | EVH47: 15 | EVI47: 5 | EVJ47: 1 | EVK47: 902.43819 | EVQ47: 2 | EVR47: 36 | EVS47: Small-dominant | EVT47: 300 | EVU47: 3 | EVV47: 30 | EVW47: 84 | EVX47: 15 | EVY47: 5 | EVZ47: 1 | EWA47: 902.43819 | EWG47: 2 | EWH47: 36 | EWI47: Small-dominant | EWJ47: 300 | EWK47: 3 | EWL47: 30 | EWM47: 84 | EWN47: 15 | EWO47: 5 | EWP47: 1 | EWQ47: 902.43819 | EWW47: 2 | EWX47: 36 | EWY47: Small-dominant | EWZ47: 300 | EXA47: 3 | EXB47: 30 | EXC47: 84 | EXD47: 15 | EXE47: 5 | EXF47: 1 | EXG47: 902.43819 | EXM47: 2 | EXN47: 36 | EXO47: Small-dominant | EXP47: 300 | EXQ47: 3 | EXR47: 30 | EXS47: 84 | EXT47: 15 | EXU47: 5 | EXV47: 1 | EXW47: 902.43819 | EYC47: 2 | EYD47: 36 | EYE47: Small-dominant | EYF47: 300 | EYG47: 3 | EYH47: 30 | EYI47: 84 | EYJ47: 15 | EYK47: 5 | EYL47: 1 | EYM47: 902.43819 | EYS47: 2 | EYT47: 36 | EYU47: Small-dominant | EYV47: 300 | EYW47: 3 | EYX47: 30 | EYY47: 84 | EYZ47: 15 | EZA47: 5 | EZB47: 1 | EZC47: 902.43819 | EZI47: 2 | EZJ47: 36 | EZK47: Small-dominant | EZL47: 300 | EZM47: 3 | EZN47: 30 | EZO47: 84 | EZP47: 15 | EZQ47: 5 | EZR47: 1 | EZS47: 902.43819 | EZY47: 2 | EZZ47: 36 | FAA47: Small-dominant | FAB47: 300 | FAC47: 3 | FAD47: 30 | FAE47: 84 | FAF47: 15 | FAG47: 5 | FAH47: 1 | FAI47: 902.43819 | FAO47: 2 | FAP47: 36 | FAQ47: Small-dominant | FAR47: 300 | FAS47: 3 | FAT47: 30 | FAU47: 84 | FAV47: 15 | FAW47: 5 | FAX47: 1 | FAY47: 902.43819 | FBE47: 2 | FBF47: 36 | FBG47: Small-dominant | FBH47: 300 | FBI47: 3 | FBJ47: 30 | FBK47: 84 | FBL47: 15 | FBM47: 5 | FBN47: 1 | FBO47: 902.43819 | FBU47: 2 | FBV47: 36 | FBW47: Small-dominant | FBX47: 300 | FBY47: 3 | FBZ47: 30 | FCA47: 84 | FCB47: 15 | FCC47: 5 | FCD47: 1 | FCE47: 902.43819 | FCK47: 2 | FCL47: 36 | FCM47: Small-dominant | FCN47: 300 | FCO47: 3 | FCP47: 30 | FCQ47: 84 | FCR47: 15 | FCS47: 5 | FCT47: 1 | FCU47: 902.43819 | FDA47: 2 | FDB47: 36 | FDC47: Small-dominant | FDD47: 300 | FDE47: 3 | FDF47: 30 | FDG47: 84 | FDH47: 15 | FDI47: 5 | FDJ47: 1 | FDK47: 902.43819 | FDQ47: 2 | FDR47: 36 | FDS47: Small-dominant | FDT47: 300 | FDU47: 3 | FDV47: 30 | FDW47: 84 | FDX47: 15 | FDY47: 5 | FDZ47: 1 | FEA47: 902.43819 | FEG47: 2 | FEH47: 36 | FEI47: Small-dominant | FEJ47: 300 | FEK47: 3 | FEL47: 30 | FEM47: 84 | FEN47: 15 | FEO47: 5 | FEP47: 1 | FEQ47: 902.43819 | FEW47: 2 | FEX47: 36 | FEY47: Small-dominant | FEZ47: 300 | FFA47: 3 | FFB47: 30 | FFC47: 84 | FFD47: 15 | FFE47: 5 | FFF47: 1 | FFG47: 902.43819 | FFM47: 2 | FFN47: 36 | FFO47: Small-dominant | FFP47: 300 | FFQ47: 3 | FFR47: 30 | FFS47: 84 | FFT47: 15 | FFU47: 5 | FFV47: 1 | FFW47: 902.43819 | FGC47: 2 | FGD47: 36 | FGE47: Small-dominant | FGF47: 300 | FGG47: 3 | FGH47: 30 | FGI47: 84 | FGJ47: 15 | FGK47: 5 | FGL47: 1 | FGM47: 902.43819 | FGS47: 2 | FGT47: 36 | FGU47: Small-dominant | FGV47: 300 | FGW47: 3 | FGX47: 30 | FGY47: 84 | FGZ47: 15 | FHA47: 5 | FHB47: 1 | FHC47: 902.43819 | FHI47: 2 | FHJ47: 36 | FHK47: Small-dominant | FHL47: 300 | FHM47: 3 | FHN47: 30 | FHO47: 84 | FHP47: 15 | FHQ47: 5 | FHR47: 1 | FHS47: 902.43819 | FHY47: 2 | FHZ47: 36 | FIA47: Small-dominant | FIB47: 300 | FIC47: 3 | FID47: 30 | FIE47: 84 | FIF47: 15 | FIG47: 5 | FIH47: 1 | FII47: 902.43819 | FIO47: 2 | FIP47: 36 | FIQ47: Small-dominant | FIR47: 300 | FIS47: 3 | FIT47: 30 | FIU47: 84 | FIV47: 15 | FIW47: 5 | FIX47: 1 | FIY47: 902.43819 | FJE47: 2 | FJF47: 36 | FJG47: Small-dominant | FJH47: 300 | FJI47: 3 | FJJ47: 30 | FJK47: 84 | FJL47: 15 | FJM47: 5 | FJN47: 1 | FJO47: 902.43819 | FJU47: 2 | FJV47: 36 | FJW47: Small-dominant | FJX47: 300 | FJY47: 3 | FJZ47: 30 | FKA47: 84 | FKB47: 15 | FKC47: 5 | FKD47: 1 | FKE47: 902.43819 | FKK47: 2 | FKL47: 36 | FKM47: Small-dominant | FKN47: 300 | FKO47: 3 | FKP47: 30 | FKQ47: 84 | FKR47: 15 | FKS47: 5 | FKT47: 1 | FKU47: 902.43819 | FLA47: 2 | FLB47: 36 | FLC47: Small-dominant | FLD47: 300 | FLE47: 3 | FLF47: 30 | FLG47: 84 | FLH47: 15 | FLI47: 5 | FLJ47: 1 | FLK47: 902.43819 | FLQ47: 2 | FLR47: 36 | FLS47: Small-dominant | FLT47: 300 | FLU47: 3 | FLV47: 30 | FLW47: 84 | FLX47: 15 | FLY47: 5 | FLZ47: 1 | FMA47: 902.43819 | FMG47: 2 | FMH47: 36 | FMI47: Small-dominant | FMJ47: 300 | FMK47: 3 | FML47: 30 | FMM47: 84 | FMN47: 15 | FMO47: 5 | FMP47: 1 | FMQ47: 902.43819 | FMW47: 2 | FMX47: 36 | FMY47: Small-dominant | FMZ47: 300 | FNA47: 3 | FNB47: 30 | FNC47: 84 | FND47: 15 | FNE47: 5 | FNF47: 1 | FNG47: 902.43819 | FNM47: 2 | FNN47: 36 | FNO47: Small-dominant | FNP47: 300 | FNQ47: 3 | FNR47: 30 | FNS47: 84 | FNT47: 15 | FNU47: 5 | FNV47: 1 | FNW47: 902.43819 | FOC47: 2 | FOD47: 36 | FOE47: Small-dominant | FOF47: 300 | FOG47: 3 | FOH47: 30 | FOI47: 84 | FOJ47: 15 | FOK47: 5 | FOL47: 1 | FOM47: 902.43819 | FOS47: 2 | FOT47: 36 | FOU47: Small-dominant | FOV47: 300 | FOW47: 3 | FOX47: 30 | FOY47: 84 | FOZ47: 15 | FPA47: 5 | FPB47: 1 | FPC47: 902.43819 | FPI47: 2 | FPJ47: 36 | FPK47: Small-dominant | FPL47: 300 | FPM47: 3 | FPN47: 30 | FPO47: 84 | FPP47: 15 | FPQ47: 5 | FPR47: 1 | FPS47: 902.43819 | FPY47: 2 | FPZ47: 36 | FQA47: Small-dominant | FQB47: 300 | FQC47: 3 | FQD47: 30 | FQE47: 84 | FQF47: 15 | FQG47: 5 | FQH47: 1 | FQI47: 902.43819 | FQO47: 2 | FQP47: 36 | FQQ47: Small-dominant | FQR47: 300 | FQS47: 3 | FQT47: 30 | FQU47: 84 | FQV47: 15 | FQW47: 5 | FQX47: 1 | FQY47: 902.43819 | FRE47: 2 | FRF47: 36 | FRG47: Small-dominant | FRH47: 300 | FRI47: 3 | FRJ47: 30 | FRK47: 84 | FRL47: 15 | FRM47: 5 | FRN47: 1 | FRO47: 902.43819 | FRU47: 2 | FRV47: 36 | FRW47: Small-dominant | FRX47: 300 | FRY47: 3 | FRZ47: 30 | FSA47: 84 | FSB47: 15 | FSC47: 5 | FSD47: 1 | FSE47: 902.43819 | FSK47: 2 | FSL47: 36 | FSM47: Small-dominant | FSN47: 300 | FSO47: 3 | FSP47: 30 | FSQ47: 84 | FSR47: 15 | FSS47: 5 | FST47: 1 | FSU47: 902.43819 | FTA47: 2 | FTB47: 36 | FTC47: Small-dominant | FTD47: 300 | FTE47: 3 | FTF47: 30 | FTG47: 84 | FTH47: 15 | FTI47: 5 | FTJ47: 1 | FTK47: 902.43819 | FTQ47: 2 | FTR47: 36 | FTS47: Small-dominant | FTT47: 300 | FTU47: 3 | FTV47: 30 | FTW47: 84 | FTX47: 15 | FTY47: 5 | FTZ47: 1 | FUA47: 902.43819 | FUG47: 2 | FUH47: 36 | FUI47: Small-dominant | FUJ47: 300 | FUK47: 3 | FUL47: 30 | FUM47: 84 | FUN47: 15 | FUO47: 5 | FUP47: 1 | FUQ47: 902.43819 | FUW47: 2 | FUX47: 36 | FUY47: Small-dominant | FUZ47: 300 | FVA47: 3 | FVB47: 30 | FVC47: 84 | FVD47: 15 | FVE47: 5 | FVF47: 1 | FVG47: 902.43819 | FVM47: 2 | FVN47: 36 | FVO47: Small-dominant | FVP47: 300 | FVQ47: 3 | FVR47: 30 | FVS47: 84 | FVT47: 15 | FVU47: 5 | FVV47: 1 | FVW47: 902.43819 | FWC47: 2 | FWD47: 36 | FWE47: Small-dominant | FWF47: 300 | FWG47: 3 | FWH47: 30 | FWI47: 84 | FWJ47: 15 | FWK47: 5 | FWL47: 1 | FWM47: 902.43819 | FWS47: 2 | FWT47: 36 | FWU47: Small-dominant | FWV47: 300 | FWW47: 3 | FWX47: 30 | FWY47: 84 | FWZ47: 15 | FXA47: 5 | FXB47: 1 | FXC47: 902.43819 | FXI47: 2 | FXJ47: 36 | FXK47: Small-dominant | FXL47: 300 | FXM47: 3 | FXN47: 30 | FXO47: 84 | FXP47: 15 | FXQ47: 5 | FXR47: 1 | FXS47: 902.43819 | FXY47: 2 | FXZ47: 36 | FYA47: Small-dominant | FYB47: 300 | FYC47: 3 | FYD47: 30 | FYE47: 84 | FYF47: 15 | FYG47: 5 | FYH47: 1 | FYI47: 902.43819 | FYO47: 2 | FYP47: 36 | FYQ47: Small-dominant | FYR47: 300 | FYS47: 3 | FYT47: 30 | FYU47: 84 | FYV47: 15 | FYW47: 5 | FYX47: 1 | FYY47: 902.43819 | FZE47: 2 | FZF47: 36 | FZG47: Small-dominant | FZH47: 300 | FZI47: 3 | FZJ47: 30 | FZK47: 84 | FZL47: 15 | FZM47: 5 | FZN47: 1 | FZO47: 902.43819 | FZU47: 2 | FZV47: 36 | FZW47: Small-dominant | FZX47: 300 | FZY47: 3 | FZZ47: 30 | GAA47: 84 | GAB47: 15 | GAC47: 5 | GAD47: 1 | GAE47: 902.43819 | GAK47: 2 | GAL47: 36 | GAM47: Small-dominant | GAN47: 300 | GAO47: 3 | GAP47: 30 | GAQ47: 84 | GAR47: 15 | GAS47: 5 | GAT47: 1 | GAU47: 902.43819 | GBA47: 2 | GBB47: 36 | GBC47: Small-dominant | GBD47: 300 | GBE47: 3 | GBF47: 30 | GBG47: 84 | GBH47: 15 | GBI47: 5 | GBJ47: 1 | GBK47: 902.43819 | GBQ47: 2 | GBR47: 36 | GBS47: Small-dominant | GBT47: 300 | GBU47: 3 | GBV47: 30 | GBW47: 84 | GBX47: 15 | GBY47: 5 | GBZ47: 1 | GCA47: 902.43819 | GCG47: 2 | GCH47: 36 | GCI47: Small-dominant | GCJ47: 300 | GCK47: 3 | GCL47: 30 | GCM47: 84 | GCN47: 15 | GCO47: 5 | GCP47: 1 | GCQ47: 902.43819 | GCW47: 2 | GCX47: 36 | GCY47: Small-dominant | GCZ47: 300 | GDA47: 3 | GDB47: 30 | GDC47: 84 | GDD47: 15 | GDE47: 5 | GDF47: 1 | GDG47: 902.43819 | GDM47: 2 | GDN47: 36 | GDO47: Small-dominant | GDP47: 300 | GDQ47: 3 | GDR47: 30 | GDS47: 84 | GDT47: 15 | GDU47: 5 | GDV47: 1 | GDW47: 902.43819 | GEC47: 2 | GED47: 36 | GEE47: Small-dominant | GEF47: 300 | GEG47: 3 | GEH47: 30 | GEI47: 84 | GEJ47: 15 | GEK47: 5 | GEL47: 1 | GEM47: 902.43819 | GES47: 2 | GET47: 36 | GEU47: Small-dominant | GEV47: 300 | GEW47: 3 | GEX47: 30 | GEY47: 84 | GEZ47: 15 | GFA47: 5 | GFB47: 1 | GFC47: 902.43819 | GFI47: 2 | GFJ47: 36 | GFK47: Small-dominant | GFL47: 300 | GFM47: 3 | GFN47: 30 | GFO47: 84 | GFP47: 15 | GFQ47: 5 | GFR47: 1 | GFS47: 902.43819 | GFY47: 2 | GFZ47: 36 | GGA47: Small-dominant | GGB47: 300 | GGC47: 3 | GGD47: 30 | GGE47: 84 | GGF47: 15 | GGG47: 5 | GGH47: 1 | GGI47: 902.43819 | GGO47: 2 | GGP47: 36 | GGQ47: Small-dominant | GGR47: 300 | GGS47: 3 | GGT47: 30 | GGU47: 84 | GGV47: 15 | GGW47: 5 | GGX47: 1 | GGY47: 902.43819 | GHE47: 2 | GHF47: 36 | GHG47: Small-dominant | GHH47: 300 | GHI47: 3 | GHJ47: 30 | GHK47: 84 | GHL47: 15 | GHM47: 5 | GHN47: 1 | GHO47: 902.43819 | GHU47: 2 | GHV47: 36 | GHW47: Small-dominant | GHX47: 300 | GHY47: 3 | GHZ47: 30 | GIA47: 84 | GIB47: 15 | GIC47: 5 | GID47: 1 | GIE47: 902.43819 | GIK47: 2 | GIL47: 36 | GIM47: Small-dominant | GIN47: 300 | GIO47: 3 | GIP47: 30 | GIQ47: 84 | GIR47: 15 | GIS47: 5 | GIT47: 1 | GIU47: 902.43819 | GJA47: 2 | GJB47: 36 | GJC47: Small-dominant | GJD47: 300 | GJE47: 3 | GJF47: 30 | GJG47: 84 | GJH47: 15 | GJI47: 5 | GJJ47: 1 | GJK47: 902.43819 | GJQ47: 2 | GJR47: 36 | GJS47: Small-dominant | GJT47: 300 | GJU47: 3 | GJV47: 30 | GJW47: 84 | GJX47: 15 | GJY47: 5 | GJZ47: 1 | GKA47: 902.43819 | GKG47: 2 | GKH47: 36 | GKI47: Small-dominant | GKJ47: 300 | GKK47: 3 | GKL47: 30 | GKM47: 84 | GKN47: 15 | GKO47: 5 | GKP47: 1 | GKQ47: 902.43819 | GKW47: 2 | GKX47: 36 | GKY47: Small-dominant | GKZ47: 300 | GLA47: 3 | GLB47: 30 | GLC47: 84 | GLD47: 15 | GLE47: 5 | GLF47: 1 | GLG47: 902.43819 | GLM47: 2 | GLN47: 36 | GLO47: Small-dominant | GLP47: 300 | GLQ47: 3 | GLR47: 30 | GLS47: 84 | GLT47: 15 | GLU47: 5 | GLV47: 1 | GLW47: 902.43819 | GMC47: 2 | GMD47: 36 | GME47: Small-dominant | GMF47: 300 | GMG47: 3 | GMH47: 30 | GMI47: 84 | GMJ47: 15 | GMK47: 5 | GML47: 1 | GMM47: 902.43819 | GMS47: 2 | GMT47: 36 | GMU47: Small-dominant | GMV47: 300 | GMW47: 3 | GMX47: 30 | GMY47: 84 | GMZ47: 15 | GNA47: 5 | GNB47: 1 | GNC47: 902.43819 | GNI47: 2 | GNJ47: 36 | GNK47: Small-dominant | GNL47: 300 | GNM47: 3 | GNN47: 30 | GNO47: 84 | GNP47: 15 | GNQ47: 5 | GNR47: 1 | GNS47: 902.43819 | GNY47: 2 | GNZ47: 36 | GOA47: Small-dominant | GOB47: 300 | GOC47: 3 | GOD47: 30 | GOE47: 84 | GOF47: 15 | GOG47: 5 | GOH47: 1 | GOI47: 902.43819 | GOO47: 2 | GOP47: 36 | GOQ47: Small-dominant | GOR47: 300 | GOS47: 3 | GOT47: 30 | GOU47: 84 | GOV47: 15 | GOW47: 5 | GOX47: 1 | GOY47: 902.43819 | GPE47: 2 | GPF47: 36 | GPG47: Small-dominant | GPH47: 300 | GPI47: 3 | GPJ47: 30 | GPK47: 84 | GPL47: 15 | GPM47: 5 | GPN47: 1 | GPO47: 902.43819 | GPU47: 2 | GPV47: 36 | GPW47: Small-dominant | GPX47: 300 | GPY47: 3 | GPZ47: 30 | GQA47: 84 | GQB47: 15 | GQC47: 5 | GQD47: 1 | GQE47: 902.43819 | GQK47: 2 | GQL47: 36 | GQM47: Small-dominant | GQN47: 300 | GQO47: 3 | GQP47: 30 | GQQ47: 84 | GQR47: 15 | GQS47: 5 | GQT47: 1 | GQU47: 902.43819 | GRA47: 2 | GRB47: 36 | GRC47: Small-dominant | GRD47: 300 | GRE47: 3 | GRF47: 30 | GRG47: 84 | GRH47: 15 | GRI47: 5 | GRJ47: 1 | GRK47: 902.43819 | GRQ47: 2 | GRR47: 36 | GRS47: Small-dominant | GRT47: 300 | GRU47: 3 | GRV47: 30 | GRW47: 84 | GRX47: 15 | GRY47: 5 | GRZ47: 1 | GSA47: 902.43819 | GSG47: 2 | GSH47: 36 | GSI47: Small-dominant | GSJ47: 300 | GSK47: 3 | GSL47: 30 | GSM47: 84 | GSN47: 15 | GSO47: 5 | GSP47: 1 | GSQ47: 902.43819 | GSW47: 2 | GSX47: 36 | GSY47: Small-dominant | GSZ47: 300 | GTA47: 3 | GTB47: 30 | GTC47: 84 | GTD47: 15 | GTE47: 5 | GTF47: 1 | GTG47: 902.43819 | GTM47: 2 | GTN47: 36 | GTO47: Small-dominant | GTP47: 300 | GTQ47: 3 | GTR47: 30 | GTS47: 84 | GTT47: 15 | GTU47: 5 | GTV47: 1 | GTW47: 902.43819 | GUC47: 2 | GUD47: 36 | GUE47: Small-dominant | GUF47: 300 | GUG47: 3 | GUH47: 30 | GUI47: 84 | GUJ47: 15 | GUK47: 5 | GUL47: 1 | GUM47: 902.43819 | GUS47: 2 | GUT47: 36 | GUU47: Small-dominant | GUV47: 300 | GUW47: 3 | GUX47: 30 | GUY47: 84 | GUZ47: 15 | GVA47: 5 | GVB47: 1 | GVC47: 902.43819 | GVI47: 2 | GVJ47: 36 | GVK47: Small-dominant | GVL47: 300 | GVM47: 3 | GVN47: 30 | GVO47: 84 | GVP47: 15 | GVQ47: 5 | GVR47: 1 | GVS47: 902.43819 | GVY47: 2 | GVZ47: 36 | GWA47: Small-dominant | GWB47: 300 | GWC47: 3 | GWD47: 30 | GWE47: 84 | GWF47: 15 | GWG47: 5 | GWH47: 1 | GWI47: 902.43819 | GWO47: 2 | GWP47: 36 | GWQ47: Small-dominant | GWR47: 300 | GWS47: 3 | GWT47: 30 | GWU47: 84 | GWV47: 15 | GWW47: 5 | GWX47: 1 | GWY47: 902.43819 | GXE47: 2 | GXF47: 36 | GXG47: Small-dominant | GXH47: 300 | GXI47: 3 | GXJ47: 30 | GXK47: 84 | GXL47: 15 | GXM47: 5 | GXN47: 1 | GXO47: 902.43819 | GXU47: 2 | GXV47: 36 | GXW47: Small-dominant | GXX47: 300 | GXY47: 3 | GXZ47: 30 | GYA47: 84 | GYB47: 15 | GYC47: 5 | GYD47: 1 | GYE47: 902.43819 | GYK47: 2 | GYL47: 36 | GYM47: Small-dominant | GYN47: 300 | GYO47: 3 | GYP47: 30 | GYQ47: 84 | GYR47: 15 | GYS47: 5 | GYT47: 1 | GYU47: 902.43819 | GZA47: 2 | GZB47: 36 | GZC47: Small-dominant | GZD47: 300 | GZE47: 3 | GZF47: 30 | GZG47: 84 | GZH47: 15 | GZI47: 5 | GZJ47: 1 | GZK47: 902.43819 | GZQ47: 2 | GZR47: 36 | GZS47: Small-dominant | GZT47: 300 | GZU47: 3 | GZV47: 30 | GZW47: 84 | GZX47: 15 | GZY47: 5 | GZZ47: 1 | HAA47: 902.43819 | HAG47: 2 | HAH47: 36 | HAI47: Small-dominant | HAJ47: 300 | HAK47: 3 | HAL47: 30 | HAM47: 84 | HAN47: 15 | HAO47: 5 | HAP47: 1 | HAQ47: 902.43819 | HAW47: 2 | HAX47: 36 | HAY47: Small-dominant | HAZ47: 300 | HBA47: 3 | HBB47: 30 | HBC47: 84 | HBD47: 15 | HBE47: 5 | HBF47: 1 | HBG47: 902.43819 | HBM47: 2 | HBN47: 36 | HBO47: Small-dominant | HBP47: 300 | HBQ47: 3 | HBR47: 30 | HBS47: 84 | HBT47: 15 | HBU47: 5 | HBV47: 1 | HBW47: 902.43819 | HCC47: 2 | HCD47: 36 | HCE47: Small-dominant | HCF47: 300 | HCG47: 3 | HCH47: 30 | HCI47: 84 | HCJ47: 15 | HCK47: 5 | HCL47: 1 | HCM47: 902.43819 | HCS47: 2 | HCT47: 36 | HCU47: Small-dominant | HCV47: 300 | HCW47: 3 | HCX47: 30 | HCY47: 84 | HCZ47: 15 | HDA47: 5 | HDB47: 1 | HDC47: 902.43819 | HDI47: 2 | HDJ47: 36 | HDK47: Small-dominant | HDL47: 300 | HDM47: 3 | HDN47: 30 | HDO47: 84 | HDP47: 15 | HDQ47: 5 | HDR47: 1 | HDS47: 902.43819 | HDY47: 2 | HDZ47: 36 | HEA47: Small-dominant | HEB47: 300 | HEC47: 3 | HED47: 30 | HEE47: 84 | HEF47: 15 | HEG47: 5 | HEH47: 1 | HEI47: 902.43819 | HEO47: 2 | HEP47: 36 | HEQ47: Small-dominant | HER47: 300 | HES47: 3 | HET47: 30 | HEU47: 84 | HEV47: 15 | HEW47: 5 | HEX47: 1 | HEY47: 902.43819 | HFE47: 2 | HFF47: 36 | HFG47: Small-dominant | HFH47: 300 | HFI47: 3 | HFJ47: 30 | HFK47: 84 | HFL47: 15 | HFM47: 5 | HFN47: 1 | HFO47: 902.43819 | HFU47: 2 | HFV47: 36 | HFW47: Small-dominant | HFX47: 300 | HFY47: 3 | HFZ47: 30 | HGA47: 84 | HGB47: 15 | HGC47: 5 | HGD47: 1 | HGE47: 902.43819 | HGK47: 2 | HGL47: 36 | HGM47: Small-dominant | HGN47: 300 | HGO47: 3 | HGP47: 30 | HGQ47: 84 | HGR47: 15 | HGS47: 5 | HGT47: 1 | HGU47: 902.43819 | HHA47: 2 | HHB47: 36 | HHC47: Small-dominant | HHD47: 300 | HHE47: 3 | HHF47: 30 | HHG47: 84 | HHH47: 15 | HHI47: 5 | HHJ47: 1 | HHK47: 902.43819 | HHQ47: 2 | HHR47: 36 | HHS47: Small-dominant | HHT47: 300 | HHU47: 3 | HHV47: 30 | HHW47: 84 | HHX47: 15 | HHY47: 5 | HHZ47: 1 | HIA47: 902.43819 | HIG47: 2 | HIH47: 36 | HII47: Small-dominant | HIJ47: 300 | HIK47: 3 | HIL47: 30 | HIM47: 84 | HIN47: 15 | HIO47: 5 | HIP47: 1 | HIQ47: 902.43819 | HIW47: 2 | HIX47: 36 | HIY47: Small-dominant | HIZ47: 300 | HJA47: 3 | HJB47: 30 | HJC47: 84 | HJD47: 15 | HJE47: 5 | HJF47: 1 | HJG47: 902.43819 | HJM47: 2 | HJN47: 36 | HJO47: Small-dominant | HJP47: 300 | HJQ47: 3 | HJR47: 30 | HJS47: 84 | HJT47: 15 | HJU47: 5 | HJV47: 1 | HJW47: 902.43819 | HKC47: 2 | HKD47: 36 | HKE47: Small-dominant | HKF47: 300 | HKG47: 3 | HKH47: 30 | HKI47: 84 | HKJ47: 15 | HKK47: 5 | HKL47: 1 | HKM47: 902.43819 | HKS47: 2 | HKT47: 36 | HKU47: Small-dominant | HKV47: 300 | HKW47: 3 | HKX47: 30 | HKY47: 84 | HKZ47: 15 | HLA47: 5 | HLB47: 1 | HLC47: 902.43819 | HLI47: 2 | HLJ47: 36 | HLK47: Small-dominant | HLL47: 300 | HLM47: 3 | HLN47: 30 | HLO47: 84 | HLP47: 15 | HLQ47: 5 | HLR47: 1 | HLS47: 902.43819 | HLY47: 2 | HLZ47: 36 | HMA47: Small-dominant | HMB47: 300 | HMC47: 3 | HMD47: 30 | HME47: 84 | HMF47: 15 | HMG47: 5 | HMH47: 1 | HMI47: 902.43819 | HMO47: 2 | HMP47: 36 | HMQ47: Small-dominant | HMR47: 300 | HMS47: 3 | HMT47: 30 | HMU47: 84 | HMV47: 15 | HMW47: 5 | HMX47: 1 | HMY47: 902.43819 | HNE47: 2 | HNF47: 36 | HNG47: Small-dominant | HNH47: 300 | HNI47: 3 | HNJ47: 30 | HNK47: 84 | HNL47: 15 | HNM47: 5 | HNN47: 1 | HNO47: 902.43819 | HNU47: 2 | HNV47: 36 | HNW47: Small-dominant | HNX47: 300 | HNY47: 3 | HNZ47: 30 | HOA47: 84 | HOB47: 15 | HOC47: 5 | HOD47: 1 | HOE47: 902.43819 | HOK47: 2 | HOL47: 36 | HOM47: Small-dominant | HON47: 300 | HOO47: 3 | HOP47: 30 | HOQ47: 84 | HOR47: 15 | HOS47: 5 | HOT47: 1 | HOU47: 902.43819 | HPA47: 2 | HPB47: 36 | HPC47: Small-dominant | HPD47: 300 | HPE47: 3 | HPF47: 30 | HPG47: 84 | HPH47: 15 | HPI47: 5 | HPJ47: 1 | HPK47: 902.43819 | HPQ47: 2 | HPR47: 36 | HPS47: Small-dominant | HPT47: 300 | HPU47: 3 | HPV47: 30 | HPW47: 84 | HPX47: 15 | HPY47: 5 | HPZ47: 1 | HQA47: 902.43819 | HQG47: 2 | HQH47: 36 | HQI47: Small-dominant | HQJ47: 300 | HQK47: 3 | HQL47: 30 | HQM47: 84 | HQN47: 15 | HQO47: 5 | HQP47: 1 | HQQ47: 902.43819 | HQW47: 2 | HQX47: 36 | HQY47: Small-dominant | HQZ47: 300 | HRA47: 3 | HRB47: 30 | HRC47: 84 | HRD47: 15 | HRE47: 5 | HRF47: 1 | HRG47: 902.43819 | HRM47: 2 | HRN47: 36 | HRO47: Small-dominant | HRP47: 300 | HRQ47: 3 | HRR47: 30 | HRS47: 84 | HRT47: 15 | HRU47: 5 | HRV47: 1 | HRW47: 902.43819 | HSC47: 2 | HSD47: 36 | HSE47: Small-dominant | HSF47: 300 | HSG47: 3 | HSH47: 30 | HSI47: 84 | HSJ47: 15 | HSK47: 5 | HSL47: 1 | HSM47: 902.43819 | HSS47: 2 | HST47: 36 | HSU47: Small-dominant | HSV47: 300 | HSW47: 3 | HSX47: 30 | HSY47: 84 | HSZ47: 15 | HTA47: 5 | HTB47: 1 | HTC47: 902.43819 | HTI47: 2 | HTJ47: 36 | HTK47: Small-dominant | HTL47: 300 | HTM47: 3 | HTN47: 30 | HTO47: 84 | HTP47: 15 | HTQ47: 5 | HTR47: 1 | HTS47: 902.43819 | HTY47: 2 | HTZ47: 36 | HUA47: Small-dominant | HUB47: 300 | HUC47: 3 | HUD47: 30 | HUE47: 84 | HUF47: 15 | HUG47: 5 | HUH47: 1 | HUI47: 902.43819 | HUO47: 2 | HUP47: 36 | HUQ47: Small-dominant | HUR47: 300 | HUS47: 3 | HUT47: 30 | HUU47: 84 | HUV47: 15 | HUW47: 5 | HUX47: 1 | HUY47: 902.43819 | HVE47: 2 | HVF47: 36 | HVG47: Small-dominant | HVH47: 300 | HVI47: 3 | HVJ47: 30 | HVK47: 84 | HVL47: 15 | HVM47: 5 | HVN47: 1 | HVO47: 902.43819 | HVU47: 2 | HVV47: 36 | HVW47: Small-dominant | HVX47: 300 | HVY47: 3 | HVZ47: 30 | HWA47: 84 | HWB47: 15 | HWC47: 5 | HWD47: 1 | HWE47: 902.43819 | HWK47: 2 | HWL47: 36 | HWM47: Small-dominant | HWN47: 300 | HWO47: 3 | HWP47: 30 | HWQ47: 84 | HWR47: 15 | HWS47: 5 | HWT47: 1 | HWU47: 902.43819 | HXA47: 2 | HXB47: 36 | HXC47: Small-dominant | HXD47: 300 | HXE47: 3 | HXF47: 30 | HXG47: 84 | HXH47: 15 | HXI47: 5 | HXJ47: 1 | HXK47: 902.43819 | HXQ47: 2 | HXR47: 36 | HXS47: Small-dominant | HXT47: 300 | HXU47: 3 | HXV47: 30 | HXW47: 84 | HXX47: 15 | HXY47: 5 | HXZ47: 1 | HYA47: 902.43819 | HYG47: 2 | HYH47: 36 | HYI47: Small-dominant | HYJ47: 300 | HYK47: 3 | HYL47: 30 | HYM47: 84 | HYN47: 15 | HYO47: 5 | HYP47: 1 | HYQ47: 902.43819 | HYW47: 2 | HYX47: 36 | HYY47: Small-dominant | HYZ47: 300 | HZA47: 3 | HZB47: 30 | HZC47: 84 | HZD47: 15 | HZE47: 5 | HZF47: 1 | HZG47: 902.43819 | HZM47: 2 | HZN47: 36 | HZO47: Small-dominant | HZP47: 300 | HZQ47: 3 | HZR47: 30 | HZS47: 84 | HZT47: 15 | HZU47: 5 | HZV47: 1 | HZW47: 902.43819 | IAC47: 2 | IAD47: 36 | IAE47: Small-dominant | IAF47: 300 | IAG47: 3 | IAH47: 30 | IAI47: 84 | IAJ47: 15 | IAK47: 5 | IAL47: 1 | IAM47: 902.43819 | IAS47: 2 | IAT47: 36 | IAU47: Small-dominant | IAV47: 300 | IAW47: 3 | IAX47: 30 | IAY47: 84 | IAZ47: 15 | IBA47: 5 | IBB47: 1 | IBC47: 902.43819 | IBI47: 2 | IBJ47: 36 | IBK47: Small-dominant | IBL47: 300 | IBM47: 3 | IBN47: 30 | IBO47: 84 | IBP47: 15 | IBQ47: 5 | IBR47: 1 | IBS47: 902.43819 | IBY47: 2 | IBZ47: 36 | ICA47: Small-dominant | ICB47: 300 | ICC47: 3 | ICD47: 30 | ICE47: 84 | ICF47: 15 | ICG47: 5 | ICH47: 1 | ICI47: 902.43819 | ICO47: 2 | ICP47: 36 | ICQ47: Small-dominant | ICR47: 300 | ICS47: 3 | ICT47: 30 | ICU47: 84 | ICV47: 15 | ICW47: 5 | ICX47: 1 | ICY47: 902.43819 | IDE47: 2 | IDF47: 36 | IDG47: Small-dominant | IDH47: 300 | IDI47: 3 | IDJ47: 30 | IDK47: 84 | IDL47: 15 | IDM47: 5 | IDN47: 1 | IDO47: 902.43819 | IDU47: 2 | IDV47: 36 | IDW47: Small-dominant | IDX47: 300 | IDY47: 3 | IDZ47: 30 | IEA47: 84 | IEB47: 15 | IEC47: 5 | IED47: 1 | IEE47: 902.43819 | IEK47: 2 | IEL47: 36 | IEM47: Small-dominant | IEN47: 300 | IEO47: 3 | IEP47: 30 | IEQ47: 84 | IER47: 15 | IES47: 5 | IET47: 1 | IEU47: 902.43819 | IFA47: 2 | IFB47: 36 | IFC47: Small-dominant | IFD47: 300 | IFE47: 3 | IFF47: 30 | IFG47: 84 | IFH47: 15 | IFI47: 5 | IFJ47: 1 | IFK47: 902.43819 | IFQ47: 2 | IFR47: 36 | IFS47: Small-dominant | IFT47: 300 | IFU47: 3 | IFV47: 30 | IFW47: 84 | IFX47: 15 | IFY47: 5 | IFZ47: 1 | IGA47: 902.43819 | IGG47: 2 | IGH47: 36 | IGI47: Small-dominant | IGJ47: 300 | IGK47: 3 | IGL47: 30 | IGM47: 84 | IGN47: 15 | IGO47: 5 | IGP47: 1 | IGQ47: 902.43819 | IGW47: 2 | IGX47: 36 | IGY47: Small-dominant | IGZ47: 300 | IHA47: 3 | IHB47: 30 | IHC47: 84 | IHD47: 15 | IHE47: 5 | IHF47: 1 | IHG47: 902.43819 | IHM47: 2 | IHN47: 36 | IHO47: Small-dominant | IHP47: 300 | IHQ47: 3 | IHR47: 30 | IHS47: 84 | IHT47: 15 | IHU47: 5 | IHV47: 1 | IHW47: 902.43819 | IIC47: 2 | IID47: 36 | IIE47: Small-dominant | IIF47: 300 | IIG47: 3 | IIH47: 30 | III47: 84 | IIJ47: 15 | IIK47: 5 | IIL47: 1 | IIM47: 902.43819 | IIS47: 2 | IIT47: 36 | IIU47: Small-dominant | IIV47: 300 | IIW47: 3 | IIX47: 30 | IIY47: 84 | IIZ47: 15 | IJA47: 5 | IJB47: 1 | IJC47: 902.43819 | IJI47: 2 | IJJ47: 36 | IJK47: Small-dominant | IJL47: 300 | IJM47: 3 | IJN47: 30 | IJO47: 84 | IJP47: 15 | IJQ47: 5 | IJR47: 1 | IJS47: 902.43819 | IJY47: 2 | IJZ47: 36 | IKA47: Small-dominant | IKB47: 300 | IKC47: 3 | IKD47: 30 | IKE47: 84 | IKF47: 15 | IKG47: 5 | IKH47: 1 | IKI47: 902.43819 | IKO47: 2 | IKP47: 36 | IKQ47: Small-dominant | IKR47: 300 | IKS47: 3 | IKT47: 30 | IKU47: 84 | IKV47: 15 | IKW47: 5 | IKX47: 1 | IKY47: 902.43819 | ILE47: 2 | ILF47: 36 | ILG47: Small-dominant | ILH47: 300 | ILI47: 3 | ILJ47: 30 | ILK47: 84 | ILL47: 15 | ILM47: 5 | ILN47: 1 | ILO47: 902.43819 | ILU47: 2 | ILV47: 36 | ILW47: Small-dominant | ILX47: 300 | ILY47: 3 | ILZ47: 30 | IMA47: 84 | IMB47: 15 | IMC47: 5 | IMD47: 1 | IME47: 902.43819 | IMK47: 2 | IML47: 36 | IMM47: Small-dominant | IMN47: 300 | IMO47: 3 | IMP47: 30 | IMQ47: 84 | IMR47: 15 | IMS47: 5 | IMT47: 1 | IMU47: 902.43819 | INA47: 2 | INB47: 36 | INC47: Small-dominant | IND47: 300 | INE47: 3 | INF47: 30 | ING47: 84 | INH47: 15 | INI47: 5 | INJ47: 1 | INK47: 902.43819 | INQ47: 2 | INR47: 36 | INS47: Small-dominant | INT47: 300 | INU47: 3 | INV47: 30 | INW47: 84 | INX47: 15 | INY47: 5 | INZ47: 1 | IOA47: 902.43819 | IOG47: 2 | IOH47: 36 | IOI47: Small-dominant | IOJ47: 300 | IOK47: 3 | IOL47: 30 | IOM47: 84 | ION47: 15 | IOO47: 5 | IOP47: 1 | IOQ47: 902.43819 | IOW47: 2 | IOX47: 36 | IOY47: Small-dominant | IOZ47: 300 | IPA47: 3 | IPB47: 30 | IPC47: 84 | IPD47: 15 | IPE47: 5 | IPF47: 1 | IPG47: 902.43819 | IPM47: 2 | IPN47: 36 | IPO47: Small-dominant | IPP47: 300 | IPQ47: 3 | IPR47: 30 | IPS47: 84 | IPT47: 15 | IPU47: 5 | IPV47: 1 | IPW47: 902.43819 | IQC47: 2 | IQD47: 36 | IQE47: Small-dominant | IQF47: 300 | IQG47: 3 | IQH47: 30 | IQI47: 84 | IQJ47: 15 | IQK47: 5 | IQL47: 1 | IQM47: 902.43819 | IQS47: 2 | IQT47: 36 | IQU47: Small-dominant | IQV47: 300 | IQW47: 3 | IQX47: 30 | IQY47: 84 | IQZ47: 15 | IRA47: 5 | IRB47: 1 | IRC47: 902.43819 | IRI47: 2 | IRJ47: 36 | IRK47: Small-dominant | IRL47: 300 | IRM47: 3 | IRN47: 30 | IRO47: 84 | IRP47: 15 | IRQ47: 5 | IRR47: 1 | IRS47: 902.43819 | IRY47: 2 | IRZ47: 36 | ISA47: Small-dominant | ISB47: 300 | ISC47: 3 | ISD47: 30 | ISE47: 84 | ISF47: 15 | ISG47: 5 | ISH47: 1 | ISI47: 902.43819 | ISO47: 2 | ISP47: 36 | ISQ47: Small-dominant | ISR47: 300 | ISS47: 3 | IST47: 30 | ISU47: 84 | ISV47: 15 | ISW47: 5 | ISX47: 1 | ISY47: 902.43819 | ITE47: 2 | ITF47: 36 | ITG47: Small-dominant | ITH47: 300 | ITI47: 3 | ITJ47: 30 | ITK47: 84 | ITL47: 15 | ITM47: 5 | ITN47: 1 | ITO47: 902.43819 | ITU47: 2 | ITV47: 36 | ITW47: Small-dominant | ITX47: 300 | ITY47: 3 | ITZ47: 30 | IUA47: 84 | IUB47: 15 | IUC47: 5 | IUD47: 1 | IUE47: 902.43819 | IUK47: 2 | IUL47: 36 | IUM47: Small-dominant | IUN47: 300 | IUO47: 3 | IUP47: 30 | IUQ47: 84 | IUR47: 15 | IUS47: 5 | IUT47: 1 | IUU47: 902.43819 | IVA47: 2 | IVB47: 36 | IVC47: Small-dominant | IVD47: 300 | IVE47: 3 | IVF47: 30 | IVG47: 84 | IVH47: 15 | IVI47: 5 | IVJ47: 1 | IVK47: 902.43819 | IVQ47: 2 | IVR47: 36 | IVS47: Small-dominant | IVT47: 300 | IVU47: 3 | IVV47: 30 | IVW47: 84 | IVX47: 15 | IVY47: 5 | IVZ47: 1 | IWA47: 902.43819 | IWG47: 2 | IWH47: 36 | IWI47: Small-dominant | IWJ47: 300 | IWK47: 3 | IWL47: 30 | IWM47: 84 | IWN47: 15 | IWO47: 5 | IWP47: 1 | IWQ47: 902.43819 | IWW47: 2 | IWX47: 36 | IWY47: Small-dominant | IWZ47: 300 | IXA47: 3 | IXB47: 30 | IXC47: 84 | IXD47: 15 | IXE47: 5 | IXF47: 1 | IXG47: 902.43819 | IXM47: 2 | IXN47: 36 | IXO47: Small-dominant | IXP47: 300 | IXQ47: 3 | IXR47: 30 | IXS47: 84 | IXT47: 15 | IXU47: 5 | IXV47: 1 | IXW47: 902.43819 | IYC47: 2 | IYD47: 36 | IYE47: Small-dominant | IYF47: 300 | IYG47: 3 | IYH47: 30 | IYI47: 84 | IYJ47: 15 | IYK47: 5 | IYL47: 1 | IYM47: 902.43819 | IYS47: 2 | IYT47: 36 | IYU47: Small-dominant | IYV47: 300 | IYW47: 3 | IYX47: 30 | IYY47: 84 | IYZ47: 15 | IZA47: 5 | IZB47: 1 | IZC47: 902.43819 | IZI47: 2 | IZJ47: 36 | IZK47: Small-dominant | IZL47: 300 | IZM47: 3 | IZN47: 30 | IZO47: 84 | IZP47: 15 | IZQ47: 5 | IZR47: 1 | IZS47: 902.43819 | IZY47: 2 | IZZ47: 36 | JAA47: Small-dominant | JAB47: 300 | JAC47: 3 | JAD47: 30 | JAE47: 84 | JAF47: 15 | JAG47: 5 | JAH47: 1 | JAI47: 902.43819 | JAO47: 2 | JAP47: 36 | JAQ47: Small-dominant | JAR47: 300 | JAS47: 3 | JAT47: 30 | JAU47: 84 | JAV47: 15 | JAW47: 5 | JAX47: 1 | JAY47: 902.43819 | JBE47: 2 | JBF47: 36 | JBG47: Small-dominant | JBH47: 300 | JBI47: 3 | JBJ47: 30 | JBK47: 84 | JBL47: 15 | JBM47: 5 | JBN47: 1 | JBO47: 902.43819 | JBU47: 2 | JBV47: 36 | JBW47: Small-dominant | JBX47: 300 | JBY47: 3 | JBZ47: 30 | JCA47: 84 | JCB47: 15 | JCC47: 5 | JCD47: 1 | JCE47: 902.43819 | JCK47: 2 | JCL47: 36 | JCM47: Small-dominant | JCN47: 300 | JCO47: 3 | JCP47: 30 | JCQ47: 84 | JCR47: 15 | JCS47: 5 | JCT47: 1 | JCU47: 902.43819 | JDA47: 2 | JDB47: 36 | JDC47: Small-dominant | JDD47: 300 | JDE47: 3 | JDF47: 30 | JDG47: 84 | JDH47: 15 | JDI47: 5 | JDJ47: 1 | JDK47: 902.43819 | JDQ47: 2 | JDR47: 36 | JDS47: Small-dominant | JDT47: 300 | JDU47: 3 | JDV47: 30 | JDW47: 84 | JDX47: 15 | JDY47: 5 | JDZ47: 1 | JEA47: 902.43819 | JEG47: 2 | JEH47: 36 | JEI47: Small-dominant | JEJ47: 300 | JEK47: 3 | JEL47: 30 | JEM47: 84 | JEN47: 15 | JEO47: 5 | JEP47: 1 | JEQ47: 902.43819 | JEW47: 2 | JEX47: 36 | JEY47: Small-dominant | JEZ47: 300 | JFA47: 3 | JFB47: 30 | JFC47: 84 | JFD47: 15 | JFE47: 5 | JFF47: 1 | JFG47: 902.43819 | JFM47: 2 | JFN47: 36 | JFO47: Small-dominant | JFP47: 300 | JFQ47: 3 | JFR47: 30 | JFS47: 84 | JFT47: 15 | JFU47: 5 | JFV47: 1 | JFW47: 902.43819 | JGC47: 2 | JGD47: 36 | JGE47: Small-dominant | JGF47: 300 | JGG47: 3 | JGH47: 30 | JGI47: 84 | JGJ47: 15 | JGK47: 5 | JGL47: 1 | JGM47: 902.43819 | JGS47: 2 | JGT47: 36 | JGU47: Small-dominant | JGV47: 300 | JGW47: 3 | JGX47: 30 | JGY47: 84 | JGZ47: 15 | JHA47: 5 | JHB47: 1 | JHC47: 902.43819 | JHI47: 2 | JHJ47: 36 | JHK47: Small-dominant | JHL47: 300 | JHM47: 3 | JHN47: 30 | JHO47: 84 | JHP47: 15 | JHQ47: 5 | JHR47: 1 | JHS47: 902.43819 | JHY47: 2 | JHZ47: 36 | JIA47: Small-dominant | JIB47: 300 | JIC47: 3 | JID47: 30 | JIE47: 84 | JIF47: 15 | JIG47: 5 | JIH47: 1 | JII47: 902.43819 | JIO47: 2 | JIP47: 36 | JIQ47: Small-dominant | JIR47: 300 | JIS47: 3 | JIT47: 30 | JIU47: 84 | JIV47: 15 | JIW47: 5 | JIX47: 1 | JIY47: 902.43819 | JJE47: 2 | JJF47: 36 | JJG47: Small-dominant | JJH47: 300 | JJI47: 3 | JJJ47: 30 | JJK47: 84 | JJL47: 15 | JJM47: 5 | JJN47: 1 | JJO47: 902.43819 | JJU47: 2 | JJV47: 36 | JJW47: Small-dominant | JJX47: 300 | JJY47: 3 | JJZ47: 30 | JKA47: 84 | JKB47: 15 | JKC47: 5 | JKD47: 1 | JKE47: 902.43819 | JKK47: 2 | JKL47: 36 | JKM47: Small-dominant | JKN47: 300 | JKO47: 3 | JKP47: 30 | JKQ47: 84 | JKR47: 15 | JKS47: 5 | JKT47: 1 | JKU47: 902.43819 | JLA47: 2 | JLB47: 36 | JLC47: Small-dominant | JLD47: 300 | JLE47: 3 | JLF47: 30 | JLG47: 84 | JLH47: 15 | JLI47: 5 | JLJ47: 1 | JLK47: 902.43819 | JLQ47: 2 | JLR47: 36 | JLS47: Small-dominant | JLT47: 300 | JLU47: 3 | JLV47: 30 | JLW47: 84 | JLX47: 15 | JLY47: 5 | JLZ47: 1 | JMA47: 902.43819 | JMG47: 2 | JMH47: 36 | JMI47: Small-dominant | JMJ47: 300 | JMK47: 3 | JML47: 30 | JMM47: 84 | JMN47: 15 | JMO47: 5 | JMP47: 1 | JMQ47: 902.43819 | JMW47: 2 | JMX47: 36 | JMY47: Small-dominant | JMZ47: 300 | JNA47: 3 | JNB47: 30 | JNC47: 84 | JND47: 15 | JNE47: 5 | JNF47: 1 | JNG47: 902.43819 | JNM47: 2 | JNN47: 36 | JNO47: Small-dominant | JNP47: 300 | JNQ47: 3 | JNR47: 30 | JNS47: 84 | JNT47: 15 | JNU47: 5 | JNV47: 1 | JNW47: 902.43819 | JOC47: 2 | JOD47: 36 | JOE47: Small-dominant | JOF47: 300 | JOG47: 3 | JOH47: 30 | JOI47: 84 | JOJ47: 15 | JOK47: 5 | JOL47: 1 | JOM47: 902.43819 | JOS47: 2 | JOT47: 36 | JOU47: Small-dominant | JOV47: 300 | JOW47: 3 | JOX47: 30 | JOY47: 84 | JOZ47: 15 | JPA47: 5 | JPB47: 1 | JPC47: 902.43819 | JPI47: 2 | JPJ47: 36 | JPK47: Small-dominant | JPL47: 300 | JPM47: 3 | JPN47: 30 | JPO47: 84 | JPP47: 15 | JPQ47: 5 | JPR47: 1 | JPS47: 902.43819 | JPY47: 2 | JPZ47: 36 | JQA47: Small-dominant | JQB47: 300 | JQC47: 3 | JQD47: 30 | JQE47: 84 | JQF47: 15 | JQG47: 5 | JQH47: 1 | JQI47: 902.43819 | JQO47: 2 | JQP47: 36 | JQQ47: Small-dominant | JQR47: 300 | JQS47: 3 | JQT47: 30 | JQU47: 84 | JQV47: 15 | JQW47: 5 | JQX47: 1 | JQY47: 902.43819 | JRE47: 2 | JRF47: 36 | JRG47: Small-dominant | JRH47: 300 | JRI47: 3 | JRJ47: 30 | JRK47: 84 | JRL47: 15 | JRM47: 5 | JRN47: 1 | JRO47: 902.43819 | JRU47: 2 | JRV47: 36 | JRW47: Small-dominant | JRX47: 300 | JRY47: 3 | JRZ47: 30 | JSA47: 84 | JSB47: 15 | JSC47: 5 | JSD47: 1 | JSE47: 902.43819 | JSK47: 2 | JSL47: 36 | JSM47: Small-dominant | JSN47: 300 | JSO47: 3 | JSP47: 30 | JSQ47: 84 | JSR47: 15 | JSS47: 5 | JST47: 1 | JSU47: 902.43819 | JTA47: 2 | JTB47: 36 | JTC47: Small-dominant | JTD47: 300 | JTE47: 3 | JTF47: 30 | JTG47: 84 | JTH47: 15 | JTI47: 5 | JTJ47: 1 | JTK47: 902.43819 | JTQ47: 2 | JTR47: 36 | JTS47: Small-dominant | JTT47: 300 | JTU47: 3 | JTV47: 30 | JTW47: 84 | JTX47: 15 | JTY47: 5 | JTZ47: 1 | JUA47: 902.43819 | JUG47: 2 | JUH47: 36 | JUI47: Small-dominant | JUJ47: 300 | JUK47: 3 | JUL47: 30 | JUM47: 84 | JUN47: 15 | JUO47: 5 | JUP47: 1 | JUQ47: 902.43819 | JUW47: 2 | JUX47: 36 | JUY47: Small-dominant | JUZ47: 300 | JVA47: 3 | JVB47: 30 | JVC47: 84 | JVD47: 15 | JVE47: 5 | JVF47: 1 | JVG47: 902.43819 | JVM47: 2 | JVN47: 36 | JVO47: Small-dominant | JVP47: 300 | JVQ47: 3 | JVR47: 30 | JVS47: 84 | JVT47: 15 | JVU47: 5 | JVV47: 1 | JVW47: 902.43819 | JWC47: 2 | JWD47: 36 | JWE47: Small-dominant | JWF47: 300 | JWG47: 3 | JWH47: 30 | JWI47: 84 | JWJ47: 15 | JWK47: 5 | JWL47: 1 | JWM47: 902.43819 | JWS47: 2 | JWT47: 36 | JWU47: Small-dominant | JWV47: 300 | JWW47: 3 | JWX47: 30 | JWY47: 84 | JWZ47: 15 | JXA47: 5 | JXB47: 1 | JXC47: 902.43819 | JXI47: 2 | JXJ47: 36 | JXK47: Small-dominant | JXL47: 300 | JXM47: 3 | JXN47: 30 | JXO47: 84 | JXP47: 15 | JXQ47: 5 | JXR47: 1 | JXS47: 902.43819 | JXY47: 2 | JXZ47: 36 | JYA47: Small-dominant | JYB47: 300 | JYC47: 3 | JYD47: 30 | JYE47: 84 | JYF47: 15 | JYG47: 5 | JYH47: 1 | JYI47: 902.43819 | JYO47: 2 | JYP47: 36 | JYQ47: Small-dominant | JYR47: 300 | JYS47: 3 | JYT47: 30 | JYU47: 84 | JYV47: 15 | JYW47: 5 | JYX47: 1 | JYY47: 902.43819 | JZE47: 2 | JZF47: 36 | JZG47: Small-dominant | JZH47: 300 | JZI47: 3 | JZJ47: 30 | JZK47: 84 | JZL47: 15 | JZM47: 5 | JZN47: 1 | JZO47: 902.43819 | JZU47: 2 | JZV47: 36 | JZW47: Small-dominant | JZX47: 300 | JZY47: 3 | JZZ47: 30 | KAA47: 84 | KAB47: 15 | KAC47: 5 | KAD47: 1 | KAE47: 902.43819 | KAK47: 2 | KAL47: 36 | KAM47: Small-dominant | KAN47: 300 | KAO47: 3 | KAP47: 30 | KAQ47: 84 | KAR47: 15 | KAS47: 5 | KAT47: 1 | KAU47: 902.43819 | KBA47: 2 | KBB47: 36 | KBC47: Small-dominant | KBD47: 300 | KBE47: 3 | KBF47: 30 | KBG47: 84 | KBH47: 15 | KBI47: 5 | KBJ47: 1 | KBK47: 902.43819 | KBQ47: 2 | KBR47: 36 | KBS47: Small-dominant | KBT47: 300 | KBU47: 3 | KBV47: 30 | KBW47: 84 | KBX47: 15 | KBY47: 5 | KBZ47: 1 | KCA47: 902.43819 | KCG47: 2 | KCH47: 36 | KCI47: Small-dominant | KCJ47: 300 | KCK47: 3 | KCL47: 30 | KCM47: 84 | KCN47: 15 | KCO47: 5 | KCP47: 1 | KCQ47: 902.43819 | KCW47: 2 | KCX47: 36 | KCY47: Small-dominant | KCZ47: 300 | KDA47: 3 | KDB47: 30 | KDC47: 84 | KDD47: 15 | KDE47: 5 | KDF47: 1 | KDG47: 902.43819 | KDM47: 2 | KDN47: 36 | KDO47: Small-dominant | KDP47: 300 | KDQ47: 3 | KDR47: 30 | KDS47: 84 | KDT47: 15 | KDU47: 5 | KDV47: 1 | KDW47: 902.43819 | KEC47: 2 | KED47: 36 | KEE47: Small-dominant | KEF47: 300 | KEG47: 3 | KEH47: 30 | KEI47: 84 | KEJ47: 15 | KEK47: 5 | KEL47: 1 | KEM47: 902.43819 | KES47: 2 | KET47: 36 | KEU47: Small-dominant | KEV47: 300 | KEW47: 3 | KEX47: 30 | KEY47: 84 | KEZ47: 15 | KFA47: 5 | KFB47: 1 | KFC47: 902.43819 | KFI47: 2 | KFJ47: 36 | KFK47: Small-dominant | KFL47: 300 | KFM47: 3 | KFN47: 30 | KFO47: 84 | KFP47: 15 | KFQ47: 5 | KFR47: 1 | KFS47: 902.43819 | KFY47: 2 | KFZ47: 36 | KGA47: Small-dominant | KGB47: 300 | KGC47: 3 | KGD47: 30 | KGE47: 84 | KGF47: 15 | KGG47: 5 | KGH47: 1 | KGI47: 902.43819 | KGO47: 2 | KGP47: 36 | KGQ47: Small-dominant | KGR47: 300 | KGS47: 3 | KGT47: 30 | KGU47: 84 | KGV47: 15 | KGW47: 5 | KGX47: 1 | KGY47: 902.43819 | KHE47: 2 | KHF47: 36 | KHG47: Small-dominant | KHH47: 300 | KHI47: 3 | KHJ47: 30 | KHK47: 84 | KHL47: 15 | KHM47: 5 | KHN47: 1 | KHO47: 902.43819 | KHU47: 2 | KHV47: 36 | KHW47: Small-dominant | KHX47: 300 | KHY47: 3 | KHZ47: 30 | KIA47: 84 | KIB47: 15 | KIC47: 5 | KID47: 1 | KIE47: 902.43819 | KIK47: 2 | KIL47: 36 | KIM47: Small-dominant | KIN47: 300 | KIO47: 3 | KIP47: 30 | KIQ47: 84 | KIR47: 15 | KIS47: 5 | KIT47: 1 | KIU47: 902.43819 | KJA47: 2 | KJB47: 36 | KJC47: Small-dominant | KJD47: 300 | KJE47: 3 | KJF47: 30 | KJG47: 84 | KJH47: 15 | KJI47: 5 | KJJ47: 1 | KJK47: 902.43819 | KJQ47: 2 | KJR47: 36 | KJS47: Small-dominant | KJT47: 300 | KJU47: 3 | KJV47: 30 | KJW47: 84 | KJX47: 15 | KJY47: 5 | KJZ47: 1 | KKA47: 902.43819 | KKG47: 2 | KKH47: 36 | KKI47: Small-dominant | KKJ47: 300 | KKK47: 3 | KKL47: 30 | KKM47: 84 | KKN47: 15 | KKO47: 5 | KKP47: 1 | KKQ47: 902.43819 | KKW47: 2 | KKX47: 36 | KKY47: Small-dominant | KKZ47: 300 | KLA47: 3 | KLB47: 30 | KLC47: 84 | KLD47: 15 | KLE47: 5 | KLF47: 1 | KLG47: 902.43819 | KLM47: 2 | KLN47: 36 | KLO47: Small-dominant | KLP47: 300 | KLQ47: 3 | KLR47: 30 | KLS47: 84 | KLT47: 15 | KLU47: 5 | KLV47: 1 | KLW47: 902.43819 | KMC47: 2 | KMD47: 36 | KME47: Small-dominant | KMF47: 300 | KMG47: 3 | KMH47: 30 | KMI47: 84 | KMJ47: 15 | KMK47: 5 | KML47: 1 | KMM47: 902.43819 | KMS47: 2 | KMT47: 36 | KMU47: Small-dominant | KMV47: 300 | KMW47: 3 | KMX47: 30 | KMY47: 84 | KMZ47: 15 | KNA47: 5 | KNB47: 1 | KNC47: 902.43819 | KNI47: 2 | KNJ47: 36 | KNK47: Small-dominant | KNL47: 300 | KNM47: 3 | KNN47: 30 | KNO47: 84 | KNP47: 15 | KNQ47: 5 | KNR47: 1 | KNS47: 902.43819 | KNY47: 2 | KNZ47: 36 | KOA47: Small-dominant | KOB47: 300 | KOC47: 3 | KOD47: 30 | KOE47: 84 | KOF47: 15 | KOG47: 5 | KOH47: 1 | KOI47: 902.43819 | KOO47: 2 | KOP47: 36 | KOQ47: Small-dominant | KOR47: 300 | KOS47: 3 | KOT47: 30 | KOU47: 84 | KOV47: 15 | KOW47: 5 | KOX47: 1 | KOY47: 902.43819 | KPE47: 2 | KPF47: 36 | KPG47: Small-dominant | KPH47: 300 | KPI47: 3 | KPJ47: 30 | KPK47: 84 | KPL47: 15 | KPM47: 5 | KPN47: 1 | KPO47: 902.43819 | KPU47: 2 | KPV47: 36 | KPW47: Small-dominant | KPX47: 300 | KPY47: 3 | KPZ47: 30 | KQA47: 84 | KQB47: 15 | KQC47: 5 | KQD47: 1 | KQE47: 902.43819 | KQK47: 2 | KQL47: 36 | KQM47: Small-dominant | KQN47: 300 | KQO47: 3 | KQP47: 30 | KQQ47: 84 | KQR47: 15 | KQS47: 5 | KQT47: 1 | KQU47: 902.43819 | KRA47: 2 | KRB47: 36 | KRC47: Small-dominant | KRD47: 300 | KRE47: 3 | KRF47: 30 | KRG47: 84 | KRH47: 15 | KRI47: 5 | KRJ47: 1 | KRK47: 902.43819 | KRQ47: 2 | KRR47: 36 | KRS47: Small-dominant | KRT47: 300 | KRU47: 3 | KRV47: 30 | KRW47: 84 | KRX47: 15 | KRY47: 5 | KRZ47: 1 | KSA47: 902.43819 | KSG47: 2 | KSH47: 36 | KSI47: Small-dominant | KSJ47: 300 | KSK47: 3 | KSL47: 30 | KSM47: 84 | KSN47: 15 | KSO47: 5 | KSP47: 1 | KSQ47: 902.43819 | KSW47: 2 | KSX47: 36 | KSY47: Small-dominant | KSZ47: 300 | KTA47: 3 | KTB47: 30 | KTC47: 84 | KTD47: 15 | KTE47: 5 | KTF47: 1 | KTG47: 902.43819 | KTM47: 2 | KTN47: 36 | KTO47: Small-dominant | KTP47: 300 | KTQ47: 3 | KTR47: 30 | KTS47: 84 | KTT47: 15 | KTU47: 5 | KTV47: 1 | KTW47: 902.43819 | KUC47: 2 | KUD47: 36 | KUE47: Small-dominant | KUF47: 300 | KUG47: 3 | KUH47: 30 | KUI47: 84 | KUJ47: 15 | KUK47: 5 | KUL47: 1 | KUM47: 902.43819 | KUS47: 2 | KUT47: 36 | KUU47: Small-dominant | KUV47: 300 | KUW47: 3 | KUX47: 30 | KUY47: 84 | KUZ47: 15 | KVA47: 5 | KVB47: 1 | KVC47: 902.43819 | KVI47: 2 | KVJ47: 36 | KVK47: Small-dominant | KVL47: 300 | KVM47: 3 | KVN47: 30 | KVO47: 84 | KVP47: 15 | KVQ47: 5 | KVR47: 1 | KVS47: 902.43819 | KVY47: 2 | KVZ47: 36 | KWA47: Small-dominant | KWB47: 300 | KWC47: 3 | KWD47: 30 | KWE47: 84 | KWF47: 15 | KWG47: 5 | KWH47: 1 | KWI47: 902.43819 | KWO47: 2 | KWP47: 36 | KWQ47: Small-dominant | KWR47: 300 | KWS47: 3 | KWT47: 30 | KWU47: 84 | KWV47: 15 | KWW47: 5 | KWX47: 1 | KWY47: 902.43819 | KXE47: 2 | KXF47: 36 | KXG47: Small-dominant | KXH47: 300 | KXI47: 3 | KXJ47: 30 | KXK47: 84 | KXL47: 15 | KXM47: 5 | KXN47: 1 | KXO47: 902.43819 | KXU47: 2 | KXV47: 36 | KXW47: Small-dominant | KXX47: 300 | KXY47: 3 | KXZ47: 30 | KYA47: 84 | KYB47: 15 | KYC47: 5 | KYD47: 1 | KYE47: 902.43819 | KYK47: 2 | KYL47: 36 | KYM47: Small-dominant | KYN47: 300 | KYO47: 3 | KYP47: 30 | KYQ47: 84 | KYR47: 15 | KYS47: 5 | KYT47: 1 | KYU47: 902.43819 | KZA47: 2 | KZB47: 36 | KZC47: Small-dominant | KZD47: 300 | KZE47: 3 | KZF47: 30 | KZG47: 84 | KZH47: 15 | KZI47: 5 | KZJ47: 1 | KZK47: 902.43819 | KZQ47: 2 | KZR47: 36 | KZS47: Small-dominant | KZT47: 300 | KZU47: 3 | KZV47: 30 | KZW47: 84 | KZX47: 15 | KZY47: 5 | KZZ47: 1 | LAA47: 902.43819 | LAG47: 2 | LAH47: 36 | LAI47: Small-dominant | LAJ47: 300 | LAK47: 3 | LAL47: 30 | LAM47: 84 | LAN47: 15 | LAO47: 5 | LAP47: 1 | LAQ47: 902.43819 | LAW47: 2 | LAX47: 36 | LAY47: Small-dominant | LAZ47: 300 | LBA47: 3 | LBB47: 30 | LBC47: 84 | LBD47: 15 | LBE47: 5 | LBF47: 1 | LBG47: 902.43819 | LBM47: 2 | LBN47: 36 | LBO47: Small-dominant | LBP47: 300 | LBQ47: 3 | LBR47: 30 | LBS47: 84 | LBT47: 15 | LBU47: 5 | LBV47: 1 | LBW47: 902.43819 | LCC47: 2 | LCD47: 36 | LCE47: Small-dominant | LCF47: 300 | LCG47: 3 | LCH47: 30 | LCI47: 84 | LCJ47: 15 | LCK47: 5 | LCL47: 1 | LCM47: 902.43819 | LCS47: 2 | LCT47: 36 | LCU47: Small-dominant | LCV47: 300 | LCW47: 3 | LCX47: 30 | LCY47: 84 | LCZ47: 15 | LDA47: 5 | LDB47: 1 | LDC47: 902.43819 | LDI47: 2 | LDJ47: 36 | LDK47: Small-dominant | LDL47: 300 | LDM47: 3 | LDN47: 30 | LDO47: 84 | LDP47: 15 | LDQ47: 5 | LDR47: 1 | LDS47: 902.43819 | LDY47: 2 | LDZ47: 36 | LEA47: Small-dominant | LEB47: 300 | LEC47: 3 | LED47: 30 | LEE47: 84 | LEF47: 15 | LEG47: 5 | LEH47: 1 | LEI47: 902.43819 | LEO47: 2 | LEP47: 36 | LEQ47: Small-dominant | LER47: 300 | LES47: 3 | LET47: 30 | LEU47: 84 | LEV47: 15 | LEW47: 5 | LEX47: 1 | LEY47: 902.43819 | LFE47: 2 | LFF47: 36 | LFG47: Small-dominant | LFH47: 300 | LFI47: 3 | LFJ47: 30 | LFK47: 84 | LFL47: 15 | LFM47: 5 | LFN47: 1 | LFO47: 902.43819 | LFU47: 2 | LFV47: 36 | LFW47: Small-dominant | LFX47: 300 | LFY47: 3 | LFZ47: 30 | LGA47: 84 | LGB47: 15 | LGC47: 5 | LGD47: 1 | LGE47: 902.43819 | LGK47: 2 | LGL47: 36 | LGM47: Small-dominant | LGN47: 300 | LGO47: 3 | LGP47: 30 | LGQ47: 84 | LGR47: 15 | LGS47: 5 | LGT47: 1 | LGU47: 902.43819 | LHA47: 2 | LHB47: 36 | LHC47: Small-dominant | LHD47: 300 | LHE47: 3 | LHF47: 30 | LHG47: 84 | LHH47: 15 | LHI47: 5 | LHJ47: 1 | LHK47: 902.43819 | LHQ47: 2 | LHR47: 36 | LHS47: Small-dominant | LHT47: 300 | LHU47: 3 | LHV47: 30 | LHW47: 84 | LHX47: 15 | LHY47: 5 | LHZ47: 1 | LIA47: 902.43819 | LIG47: 2 | LIH47: 36 | LII47: Small-dominant | LIJ47: 300 | LIK47: 3 | LIL47: 30 | LIM47: 84 | LIN47: 15 | LIO47: 5 | LIP47: 1 | LIQ47: 902.43819 | LIW47: 2 | LIX47: 36 | LIY47: Small-dominant | LIZ47: 300 | LJA47: 3 | LJB47: 30 | LJC47: 84 | LJD47: 15 | LJE47: 5 | LJF47: 1 | LJG47: 902.43819 | LJM47: 2 | LJN47: 36 | LJO47: Small-dominant | LJP47: 300 | LJQ47: 3 | LJR47: 30 | LJS47: 84 | LJT47: 15 | LJU47: 5 | LJV47: 1 | LJW47: 902.43819 | LKC47: 2 | LKD47: 36 | LKE47: Small-dominant | LKF47: 300 | LKG47: 3 | LKH47: 30 | LKI47: 84 | LKJ47: 15 | LKK47: 5 | LKL47: 1 | LKM47: 902.43819 | LKS47: 2 | LKT47: 36 | LKU47: Small-dominant | LKV47: 300 | LKW47: 3 | LKX47: 30 | LKY47: 84 | LKZ47: 15 | LLA47: 5 | LLB47: 1 | LLC47: 902.43819 | LLI47: 2 | LLJ47: 36 | LLK47: Small-dominant | LLL47: 300 | LLM47: 3 | LLN47: 30 | LLO47: 84 | LLP47: 15 | LLQ47: 5 | LLR47: 1 | LLS47: 902.43819 | LLY47: 2 | LLZ47: 36 | LMA47: Small-dominant | LMB47: 300 | LMC47: 3 | LMD47: 30 | LME47: 84 | LMF47: 15 | LMG47: 5 | LMH47: 1 | LMI47: 902.43819 | LMO47: 2 | LMP47: 36 | LMQ47: Small-dominant | LMR47: 300 | LMS47: 3 | LMT47: 30 | LMU47: 84 | LMV47: 15 | LMW47: 5 | LMX47: 1 | LMY47: 902.43819 | LNE47: 2 | LNF47: 36 | LNG47: Small-dominant | LNH47: 300 | LNI47: 3 | LNJ47: 30 | LNK47: 84 | LNL47: 15 | LNM47: 5 | LNN47: 1 | LNO47: 902.43819 | LNU47: 2 | LNV47: 36 | LNW47: Small-dominant | LNX47: 300 | LNY47: 3 | LNZ47: 30 | LOA47: 84 | LOB47: 15 | LOC47: 5 | LOD47: 1 | LOE47: 902.43819 | LOK47: 2 | LOL47: 36 | LOM47: Small-dominant | LON47: 300 | LOO47: 3 | LOP47: 30 | LOQ47: 84 | LOR47: 15 | LOS47: 5 | LOT47: 1 | LOU47: 902.43819 | LPA47: 2 | LPB47: 36 | LPC47: Small-dominant | LPD47: 300 | LPE47: 3 | LPF47: 30 | LPG47: 84 | LPH47: 15 | LPI47: 5 | LPJ47: 1 | LPK47: 902.43819 | LPQ47: 2 | LPR47: 36 | LPS47: Small-dominant | LPT47: 300 | LPU47: 3 | LPV47: 30 | LPW47: 84 | LPX47: 15 | LPY47: 5 | LPZ47: 1 | LQA47: 902.43819 | LQG47: 2 | LQH47: 36 | LQI47: Small-dominant | LQJ47: 300 | LQK47: 3 | LQL47: 30 | LQM47: 84 | LQN47: 15 | LQO47: 5 | LQP47: 1 | LQQ47: 902.43819 | LQW47: 2 | LQX47: 36 | LQY47: Small-dominant | LQZ47: 300 | LRA47: 3 | LRB47: 30 | LRC47: 84 | LRD47: 15 | LRE47: 5 | LRF47: 1 | LRG47: 902.43819 | LRM47: 2 | LRN47: 36 | LRO47: Small-dominant | LRP47: 300 | LRQ47: 3 | LRR47: 30 | LRS47: 84 | LRT47: 15 | LRU47: 5 | LRV47: 1 | LRW47: 902.43819 | LSC47: 2 | LSD47: 36 | LSE47: Small-dominant | LSF47: 300 | LSG47: 3 | LSH47: 30 | LSI47: 84 | LSJ47: 15 | LSK47: 5 | LSL47: 1 | LSM47: 902.43819 | LSS47: 2 | LST47: 36 | LSU47: Small-dominant | LSV47: 300 | LSW47: 3 | LSX47: 30 | LSY47: 84 | LSZ47: 15 | LTA47: 5 | LTB47: 1 | LTC47: 902.43819 | LTI47: 2 | LTJ47: 36 | LTK47: Small-dominant | LTL47: 300 | LTM47: 3 | LTN47: 30 | LTO47: 84 | LTP47: 15 | LTQ47: 5 | LTR47: 1 | LTS47: 902.43819 | LTY47: 2 | LTZ47: 36 | LUA47: Small-dominant | LUB47: 300 | LUC47: 3 | LUD47: 30 | LUE47: 84 | LUF47: 15 | LUG47: 5 | LUH47: 1 | LUI47: 902.43819 | LUO47: 2 | LUP47: 36 | LUQ47: Small-dominant | LUR47: 300 | LUS47: 3 | LUT47: 30 | LUU47: 84 | LUV47: 15 | LUW47: 5 | LUX47: 1 | LUY47: 902.43819 | LVE47: 2 | LVF47: 36 | LVG47: Small-dominant | LVH47: 300 | LVI47: 3 | LVJ47: 30 | LVK47: 84 | LVL47: 15 | LVM47: 5 | LVN47: 1 | LVO47: 902.43819 | LVU47: 2 | LVV47: 36 | LVW47: Small-dominant | LVX47: 300 | LVY47: 3 | LVZ47: 30 | LWA47: 84 | LWB47: 15 | LWC47: 5 | LWD47: 1 | LWE47: 902.43819 | LWK47: 2 | LWL47: 36 | LWM47: Small-dominant | LWN47: 300 | LWO47: 3 | LWP47: 30 | LWQ47: 84 | LWR47: 15 | LWS47: 5 | LWT47: 1 | LWU47: 902.43819 | LXA47: 2 | LXB47: 36 | LXC47: Small-dominant | LXD47: 300 | LXE47: 3 | LXF47: 30 | LXG47: 84 | LXH47: 15 | LXI47: 5 | LXJ47: 1 | LXK47: 902.43819 | LXQ47: 2 | LXR47: 36 | LXS47: Small-dominant | LXT47: 300 | LXU47: 3 | LXV47: 30 | LXW47: 84 | LXX47: 15 | LXY47: 5 | LXZ47: 1 | LYA47: 902.43819 | LYG47: 2 | LYH47: 36 | LYI47: Small-dominant | LYJ47: 300 | LYK47: 3 | LYL47: 30 | LYM47: 84 | LYN47: 15 | LYO47: 5 | LYP47: 1 | LYQ47: 902.43819 | LYW47: 2 | LYX47: 36 | LYY47: Small-dominant | LYZ47: 300 | LZA47: 3 | LZB47: 30 | LZC47: 84 | LZD47: 15 | LZE47: 5 | LZF47: 1 | LZG47: 902.43819 | LZM47: 2 | LZN47: 36 | LZO47: Small-dominant | LZP47: 300 | LZQ47: 3 | LZR47: 30 | LZS47: 84 | LZT47: 15 | LZU47: 5 | LZV47: 1 | LZW47: 902.43819 | MAC47: 2 | MAD47: 36 | MAE47: Small-dominant | MAF47: 300 | MAG47: 3 | MAH47: 30 | MAI47: 84 | MAJ47: 15 | MAK47: 5 | MAL47: 1 | MAM47: 902.43819 | MAS47: 2 | MAT47: 36 | MAU47: Small-dominant | MAV47: 300 | MAW47: 3 | MAX47: 30 | MAY47: 84 | MAZ47: 15 | MBA47: 5 | MBB47: 1 | MBC47: 902.43819 | MBI47: 2 | MBJ47: 36 | MBK47: Small-dominant | MBL47: 300 | MBM47: 3 | MBN47: 30 | MBO47: 84 | MBP47: 15 | MBQ47: 5 | MBR47: 1 | MBS47: 902.43819 | MBY47: 2 | MBZ47: 36 | MCA47: Small-dominant | MCB47: 300 | MCC47: 3 | MCD47: 30 | MCE47: 84 | MCF47: 15 | MCG47: 5 | MCH47: 1 | MCI47: 902.43819 | MCO47: 2 | MCP47: 36 | MCQ47: Small-dominant | MCR47: 300 | MCS47: 3 | MCT47: 30 | MCU47: 84 | MCV47: 15 | MCW47: 5 | MCX47: 1 | MCY47: 902.43819 | MDE47: 2 | MDF47: 36 | MDG47: Small-dominant | MDH47: 300 | MDI47: 3 | MDJ47: 30 | MDK47: 84 | MDL47: 15 | MDM47: 5 | MDN47: 1 | MDO47: 902.43819 | MDU47: 2 | MDV47: 36 | MDW47: Small-dominant | MDX47: 300 | MDY47: 3 | MDZ47: 30 | MEA47: 84 | MEB47: 15 | MEC47: 5 | MED47: 1 | MEE47: 902.43819 | MEK47: 2 | MEL47: 36 | MEM47: Small-dominant | MEN47: 300 | MEO47: 3 | MEP47: 30 | MEQ47: 84 | MER47: 15 | MES47: 5 | MET47: 1 | MEU47: 902.43819 | MFA47: 2 | MFB47: 36 | MFC47: Small-dominant | MFD47: 300 | MFE47: 3 | MFF47: 30 | MFG47: 84 | MFH47: 15 | MFI47: 5 | MFJ47: 1 | MFK47: 902.43819 | MFQ47: 2 | MFR47: 36 | MFS47: Small-dominant | MFT47: 300 | MFU47: 3 | MFV47: 30 | MFW47: 84 | MFX47: 15 | MFY47: 5 | MFZ47: 1 | MGA47: 902.43819 | MGG47: 2 | MGH47: 36 | MGI47: Small-dominant | MGJ47: 300 | MGK47: 3 | MGL47: 30 | MGM47: 84 | MGN47: 15 | MGO47: 5 | MGP47: 1 | MGQ47: 902.43819 | MGW47: 2 | MGX47: 36 | MGY47: Small-dominant | MGZ47: 300 | MHA47: 3 | MHB47: 30 | MHC47: 84 | MHD47: 15 | MHE47: 5 | MHF47: 1 | MHG47: 902.43819 | MHM47: 2 | MHN47: 36 | MHO47: Small-dominant | MHP47: 300 | MHQ47: 3 | MHR47: 30 | MHS47: 84 | MHT47: 15 | MHU47: 5 | MHV47: 1 | MHW47: 902.43819 | MIC47: 2 | MID47: 36 | MIE47: Small-dominant | MIF47: 300 | MIG47: 3 | MIH47: 30 | MII47: 84 | MIJ47: 15 | MIK47: 5 | MIL47: 1 | MIM47: 902.43819 | MIS47: 2 | MIT47: 36 | MIU47: Small-dominant | MIV47: 300 | MIW47: 3 | MIX47: 30 | MIY47: 84 | MIZ47: 15 | MJA47: 5 | MJB47: 1 | MJC47: 902.43819 | MJI47: 2 | MJJ47: 36 | MJK47: Small-dominant | MJL47: 300 | MJM47: 3 | MJN47: 30 | MJO47: 84 | MJP47: 15 | MJQ47: 5 | MJR47: 1 | MJS47: 902.43819 | MJY47: 2 | MJZ47: 36 | MKA47: Small-dominant | MKB47: 300 | MKC47: 3 | MKD47: 30 | MKE47: 84 | MKF47: 15 | MKG47: 5 | MKH47: 1 | MKI47: 902.43819 | MKO47: 2 | MKP47: 36 | MKQ47: Small-dominant | MKR47: 300 | MKS47: 3 | MKT47: 30 | MKU47: 84 | MKV47: 15 | MKW47: 5 | MKX47: 1 | MKY47: 902.43819 | MLE47: 2 | MLF47: 36 | MLG47: Small-dominant | MLH47: 300 | MLI47: 3 | MLJ47: 30 | MLK47: 84 | MLL47: 15 | MLM47: 5 | MLN47: 1 | MLO47: 902.43819 | MLU47: 2 | MLV47: 36 | MLW47: Small-dominant | MLX47: 300 | MLY47: 3 | MLZ47: 30 | MMA47: 84 | MMB47: 15 | MMC47: 5 | MMD47: 1 | MME47: 902.43819 | MMK47: 2 | MML47: 36 | MMM47: Small-dominant | MMN47: 300 | MMO47: 3 | MMP47: 30 | MMQ47: 84 | MMR47: 15 | MMS47: 5 | MMT47: 1 | MMU47: 902.43819 | MNA47: 2 | MNB47: 36 | MNC47: Small-dominant | MND47: 300 | MNE47: 3 | MNF47: 30 | MNG47: 84 | MNH47: 15 | MNI47: 5 | MNJ47: 1 | MNK47: 902.43819 | MNQ47: 2 | MNR47: 36 | MNS47: Small-dominant | MNT47: 300 | MNU47: 3 | MNV47: 30 | MNW47: 84 | MNX47: 15 | MNY47: 5 | MNZ47: 1 | MOA47: 902.43819 | MOG47: 2 | MOH47: 36 | MOI47: Small-dominant | MOJ47: 300 | MOK47: 3 | MOL47: 30 | MOM47: 84 | MON47: 15 | MOO47: 5 | MOP47: 1 | MOQ47: 902.43819 | MOW47: 2 | MOX47: 36 | MOY47: Small-dominant | MOZ47: 300 | MPA47: 3 | MPB47: 30 | MPC47: 84 | MPD47: 15 | MPE47: 5 | MPF47: 1 | MPG47: 902.43819 | MPM47: 2 | MPN47: 36 | MPO47: Small-dominant | MPP47: 300 | MPQ47: 3 | MPR47: 30 | MPS47: 84 | MPT47: 15 | MPU47: 5 | MPV47: 1 | MPW47: 902.43819 | MQC47: 2 | MQD47: 36 | MQE47: Small-dominant | MQF47: 300 | MQG47: 3 | MQH47: 30 | MQI47: 84 | MQJ47: 15 | MQK47: 5 | MQL47: 1 | MQM47: 902.43819 | MQS47: 2 | MQT47: 36 | MQU47: Small-dominant | MQV47: 300 | MQW47: 3 | MQX47: 30 | MQY47: 84 | MQZ47: 15 | MRA47: 5 | MRB47: 1 | MRC47: 902.43819 | MRI47: 2 | MRJ47: 36 | MRK47: Small-dominant | MRL47: 300 | MRM47: 3 | MRN47: 30 | MRO47: 84 | MRP47: 15 | MRQ47: 5 | MRR47: 1 | MRS47: 902.43819 | MRY47: 2 | MRZ47: 36 | MSA47: Small-dominant | MSB47: 300 | MSC47: 3 | MSD47: 30 | MSE47: 84 | MSF47: 15 | MSG47: 5 | MSH47: 1 | MSI47: 902.43819 | MSO47: 2 | MSP47: 36 | MSQ47: Small-dominant | MSR47: 300 | MSS47: 3 | MST47: 30 | MSU47: 84 | MSV47: 15 | MSW47: 5 | MSX47: 1 | MSY47: 902.43819 | MTE47: 2 | MTF47: 36 | MTG47: Small-dominant | MTH47: 300 | MTI47: 3 | MTJ47: 30 | MTK47: 84 | MTL47: 15 | MTM47: 5 | MTN47: 1 | MTO47: 902.43819 | MTU47: 2 | MTV47: 36 | MTW47: Small-dominant | MTX47: 300 | MTY47: 3 | MTZ47: 30 | MUA47: 84 | MUB47: 15 | MUC47: 5 | MUD47: 1 | MUE47: 902.43819 | MUK47: 2 | MUL47: 36 | MUM47: Small-dominant | MUN47: 300 | MUO47: 3 | MUP47: 30 | MUQ47: 84 | MUR47: 15 | MUS47: 5 | MUT47: 1 | MUU47: 902.43819 | MVA47: 2 | MVB47: 36 | MVC47: Small-dominant | MVD47: 300 | MVE47: 3 | MVF47: 30 | MVG47: 84 | MVH47: 15 | MVI47: 5 | MVJ47: 1 | MVK47: 902.43819 | MVQ47: 2 | MVR47: 36 | MVS47: Small-dominant | MVT47: 300 | MVU47: 3 | MVV47: 30 | MVW47: 84 | MVX47: 15 | MVY47: 5 | MVZ47: 1 | MWA47: 902.43819 | MWG47: 2 | MWH47: 36 | MWI47: Small-dominant | MWJ47: 300 | MWK47: 3 | MWL47: 30 | MWM47: 84 | MWN47: 15 | MWO47: 5 | MWP47: 1 | MWQ47: 902.43819 | MWW47: 2 | MWX47: 36 | MWY47: Small-dominant | MWZ47: 300 | MXA47: 3 | MXB47: 30 | MXC47: 84 | MXD47: 15 | MXE47: 5 | MXF47: 1 | MXG47: 902.43819 | MXM47: 2 | MXN47: 36 | MXO47: Small-dominant | MXP47: 300 | MXQ47: 3 | MXR47: 30 | MXS47: 84 | MXT47: 15 | MXU47: 5 | MXV47: 1 | MXW47: 902.43819 | MYC47: 2 | MYD47: 36 | MYE47: Small-dominant | MYF47: 300 | MYG47: 3 | MYH47: 30 | MYI47: 84 | MYJ47: 15 | MYK47: 5 | MYL47: 1 | MYM47: 902.43819 | MYS47: 2 | MYT47: 36 | MYU47: Small-dominant | MYV47: 300 | MYW47: 3 | MYX47: 30 | MYY47: 84 | MYZ47: 15 | MZA47: 5 | MZB47: 1 | MZC47: 902.43819 | MZI47: 2 | MZJ47: 36 | MZK47: Small-dominant | MZL47: 300 | MZM47: 3 | MZN47: 30 | MZO47: 84 | MZP47: 15 | MZQ47: 5 | MZR47: 1 | MZS47: 902.43819 | MZY47: 2 | MZZ47: 36 | NAA47: Small-dominant | NAB47: 300 | NAC47: 3 | NAD47: 30 | NAE47: 84 | NAF47: 15 | NAG47: 5 | NAH47: 1 | NAI47: 902.43819 | NAO47: 2 | NAP47: 36 | NAQ47: Small-dominant | NAR47: 300 | NAS47: 3 | NAT47: 30 | NAU47: 84 | NAV47: 15 | NAW47: 5 | NAX47: 1 | NAY47: 902.43819 | NBE47: 2 | NBF47: 36 | NBG47: Small-dominant | NBH47: 300 | NBI47: 3 | NBJ47: 30 | NBK47: 84 | NBL47: 15 | NBM47: 5 | NBN47: 1 | NBO47: 902.43819 | NBU47: 2 | NBV47: 36 | NBW47: Small-dominant | NBX47: 300 | NBY47: 3 | NBZ47: 30 | NCA47: 84 | NCB47: 15 | NCC47: 5 | NCD47: 1 | NCE47: 902.43819 | NCK47: 2 | NCL47: 36 | NCM47: Small-dominant | NCN47: 300 | NCO47: 3 | NCP47: 30 | NCQ47: 84 | NCR47: 15 | NCS47: 5 | NCT47: 1 | NCU47: 902.43819 | NDA47: 2 | NDB47: 36 | NDC47: Small-dominant | NDD47: 300 | NDE47: 3 | NDF47: 30 | NDG47: 84 | NDH47: 15 | NDI47: 5 | NDJ47: 1 | NDK47: 902.43819 | NDQ47: 2 | NDR47: 36 | NDS47: Small-dominant | NDT47: 300 | NDU47: 3 | NDV47: 30 | NDW47: 84 | NDX47: 15 | NDY47: 5 | NDZ47: 1 | NEA47: 902.43819 | NEG47: 2 | NEH47: 36 | NEI47: Small-dominant | NEJ47: 300 | NEK47: 3 | NEL47: 30 | NEM47: 84 | NEN47: 15 | NEO47: 5 | NEP47: 1 | NEQ47: 902.43819 | NEW47: 2 | NEX47: 36 | NEY47: Small-dominant | NEZ47: 300 | NFA47: 3 | NFB47: 30 | NFC47: 84 | NFD47: 15 | NFE47: 5 | NFF47: 1 | NFG47: 902.43819 | NFM47: 2 | NFN47: 36 | NFO47: Small-dominant | NFP47: 300 | NFQ47: 3 | NFR47: 30 | NFS47: 84 | NFT47: 15 | NFU47: 5 | NFV47: 1 | NFW47: 902.43819 | NGC47: 2 | NGD47: 36 | NGE47: Small-dominant | NGF47: 300 | NGG47: 3 | NGH47: 30 | NGI47: 84 | NGJ47: 15 | NGK47: 5 | NGL47: 1 | NGM47: 902.43819 | NGS47: 2 | NGT47: 36 | NGU47: Small-dominant | NGV47: 300 | NGW47: 3 | NGX47: 30 | NGY47: 84 | NGZ47: 15 | NHA47: 5 | NHB47: 1 | NHC47: 902.43819 | NHI47: 2 | NHJ47: 36 | NHK47: Small-dominant | NHL47: 300 | NHM47: 3 | NHN47: 30 | NHO47: 84 | NHP47: 15 | NHQ47: 5 | NHR47: 1 | NHS47: 902.43819 | NHY47: 2 | NHZ47: 36 | NIA47: Small-dominant | NIB47: 300 | NIC47: 3 | NID47: 30 | NIE47: 84 | NIF47: 15 | NIG47: 5 | NIH47: 1 | NII47: 902.43819 | NIO47: 2 | NIP47: 36 | NIQ47: Small-dominant | NIR47: 300 | NIS47: 3 | NIT47: 30 | NIU47: 84 | NIV47: 15 | NIW47: 5 | NIX47: 1 | NIY47: 902.43819 | NJE47: 2 | NJF47: 36 | NJG47: Small-dominant | NJH47: 300 | NJI47: 3 | NJJ47: 30 | NJK47: 84 | NJL47: 15 | NJM47: 5 | NJN47: 1 | NJO47: 902.43819 | NJU47: 2 | NJV47: 36 | NJW47: Small-dominant | NJX47: 300 | NJY47: 3 | NJZ47: 30 | NKA47: 84 | NKB47: 15 | NKC47: 5 | NKD47: 1 | NKE47: 902.43819 | NKK47: 2 | NKL47: 36 | NKM47: Small-dominant | NKN47: 300 | NKO47: 3 | NKP47: 30 | NKQ47: 84 | NKR47: 15 | NKS47: 5 | NKT47: 1 | NKU47: 902.43819 | NLA47: 2 | NLB47: 36 | NLC47: Small-dominant | NLD47: 300 | NLE47: 3 | NLF47: 30 | NLG47: 84 | NLH47: 15 | NLI47: 5 | NLJ47: 1 | NLK47: 902.43819 | NLQ47: 2 | NLR47: 36 | NLS47: Small-dominant | NLT47: 300 | NLU47: 3 | NLV47: 30 | NLW47: 84 | NLX47: 15 | NLY47: 5 | NLZ47: 1 | NMA47: 902.43819 | NMG47: 2 | NMH47: 36 | NMI47: Small-dominant | NMJ47: 300 | NMK47: 3 | NML47: 30 | NMM47: 84 | NMN47: 15 | NMO47: 5 | NMP47: 1 | NMQ47: 902.43819 | NMW47: 2 | NMX47: 36 | NMY47: Small-dominant | NMZ47: 300 | NNA47: 3 | NNB47: 30 | NNC47: 84 | NND47: 15 | NNE47: 5 | NNF47: 1 | NNG47: 902.43819 | NNM47: 2 | NNN47: 36 | NNO47: Small-dominant | NNP47: 300 | NNQ47: 3 | NNR47: 30 | NNS47: 84 | NNT47: 15 | NNU47: 5 | NNV47: 1 | NNW47: 902.43819 | NOC47: 2 | NOD47: 36 | NOE47: Small-dominant | NOF47: 300 | NOG47: 3 | NOH47: 30 | NOI47: 84 | NOJ47: 15 | NOK47: 5 | NOL47: 1 | NOM47: 902.43819 | NOS47: 2 | NOT47: 36 | NOU47: Small-dominant | NOV47: 300 | NOW47: 3 | NOX47: 30 | NOY47: 84 | NOZ47: 15 | NPA47: 5 | NPB47: 1 | NPC47: 902.43819 | NPI47: 2 | NPJ47: 36 | NPK47: Small-dominant | NPL47: 300 | NPM47: 3 | NPN47: 30 | NPO47: 84 | NPP47: 15 | NPQ47: 5 | NPR47: 1 | NPS47: 902.43819 | NPY47: 2 | NPZ47: 36 | NQA47: Small-dominant | NQB47: 300 | NQC47: 3 | NQD47: 30 | NQE47: 84 | NQF47: 15 | NQG47: 5 | NQH47: 1 | NQI47: 902.43819 | NQO47: 2 | NQP47: 36 | NQQ47: Small-dominant | NQR47: 300 | NQS47: 3 | NQT47: 30 | NQU47: 84 | NQV47: 15 | NQW47: 5 | NQX47: 1 | NQY47: 902.43819 | NRE47: 2 | NRF47: 36 | NRG47: Small-dominant | NRH47: 300 | NRI47: 3 | NRJ47: 30 | NRK47: 84 | NRL47: 15 | NRM47: 5 | NRN47: 1 | NRO47: 902.43819 | NRU47: 2 | NRV47: 36 | NRW47: Small-dominant | NRX47: 300 | NRY47: 3 | NRZ47: 30 | NSA47: 84 | NSB47: 15 | NSC47: 5 | NSD47: 1 | NSE47: 902.43819 | NSK47: 2 | NSL47: 36 | NSM47: Small-dominant | NSN47: 300 | NSO47: 3 | NSP47: 30 | NSQ47: 84 | NSR47: 15 | NSS47: 5 | NST47: 1 | NSU47: 902.43819 | NTA47: 2 | NTB47: 36 | NTC47: Small-dominant | NTD47: 300 | NTE47: 3 | NTF47: 30 | NTG47: 84 | NTH47: 15 | NTI47: 5 | NTJ47: 1 | NTK47: 902.43819 | NTQ47: 2 | NTR47: 36 | NTS47: Small-dominant | NTT47: 300 | NTU47: 3 | NTV47: 30 | NTW47: 84 | NTX47: 15 | NTY47: 5 | NTZ47: 1 | NUA47: 902.43819 | NUG47: 2 | NUH47: 36 | NUI47: Small-dominant | NUJ47: 300 | NUK47: 3 | NUL47: 30 | NUM47: 84 | NUN47: 15 | NUO47: 5 | NUP47: 1 | NUQ47: 902.43819 | NUW47: 2 | NUX47: 36 | NUY47: Small-dominant | NUZ47: 300 | NVA47: 3 | NVB47: 30 | NVC47: 84 | NVD47: 15 | NVE47: 5 | NVF47: 1 | NVG47: 902.43819 | NVM47: 2 | NVN47: 36 | NVO47: Small-dominant | NVP47: 300 | NVQ47: 3 | NVR47: 30 | NVS47: 84 | NVT47: 15 | NVU47: 5 | NVV47: 1 | NVW47: 902.43819 | NWC47: 2 | NWD47: 36 | NWE47: Small-dominant | NWF47: 300 | NWG47: 3 | NWH47: 30 | NWI47: 84 | NWJ47: 15 | NWK47: 5 | NWL47: 1 | NWM47: 902.43819 | NWS47: 2 | NWT47: 36 | NWU47: Small-dominant | NWV47: 300 | NWW47: 3 | NWX47: 30 | NWY47: 84 | NWZ47: 15 | NXA47: 5 | NXB47: 1 | NXC47: 902.43819 | NXI47: 2 | NXJ47: 36 | NXK47: Small-dominant | NXL47: 300 | NXM47: 3 | NXN47: 30 | NXO47: 84 | NXP47: 15 | NXQ47: 5 | NXR47: 1 | NXS47: 902.43819 | NXY47: 2 | NXZ47: 36 | NYA47: Small-dominant | NYB47: 300 | NYC47: 3 | NYD47: 30 | NYE47: 84 | NYF47: 15 | NYG47: 5 | NYH47: 1 | NYI47: 902.43819 | NYO47: 2 | NYP47: 36 | NYQ47: Small-dominant | NYR47: 300 | NYS47: 3 | NYT47: 30 | NYU47: 84 | NYV47: 15 | NYW47: 5 | NYX47: 1 | NYY47: 902.43819 | NZE47: 2 | NZF47: 36 | NZG47: Small-dominant | NZH47: 300 | NZI47: 3 | NZJ47: 30 | NZK47: 84 | NZL47: 15 | NZM47: 5 | NZN47: 1 | NZO47: 902.43819 | NZU47: 2 | NZV47: 36 | NZW47: Small-dominant | NZX47: 300 | NZY47: 3 | NZZ47: 30 | OAA47: 84 | OAB47: 15 | OAC47: 5 | OAD47: 1 | OAE47: 902.43819 | OAK47: 2 | OAL47: 36 | OAM47: Small-dominant | OAN47: 300 | OAO47: 3 | OAP47: 30 | OAQ47: 84 | OAR47: 15 | OAS47: 5 | OAT47: 1 | OAU47: 902.43819 | OBA47: 2 | OBB47: 36 | OBC47: Small-dominant | OBD47: 300 | OBE47: 3 | OBF47: 30 | OBG47: 84 | OBH47: 15 | OBI47: 5 | OBJ47: 1 | OBK47: 902.43819 | OBQ47: 2 | OBR47: 36 | OBS47: Small-dominant | OBT47: 300 | OBU47: 3 | OBV47: 30 | OBW47: 84 | OBX47: 15 | OBY47: 5 | OBZ47: 1 | OCA47: 902.43819 | OCG47: 2 | OCH47: 36 | OCI47: Small-dominant | OCJ47: 300 | OCK47: 3 | OCL47: 30 | OCM47: 84 | OCN47: 15 | OCO47: 5 | OCP47: 1 | OCQ47: 902.43819 | OCW47: 2 | OCX47: 36 | OCY47: Small-dominant | OCZ47: 300 | ODA47: 3 | ODB47: 30 | ODC47: 84 | ODD47: 15 | ODE47: 5 | ODF47: 1 | ODG47: 902.43819 | ODM47: 2 | ODN47: 36 | ODO47: Small-dominant | ODP47: 300 | ODQ47: 3 | ODR47: 30 | ODS47: 84 | ODT47: 15 | ODU47: 5 | ODV47: 1 | ODW47: 902.43819 | OEC47: 2 | OED47: 36 | OEE47: Small-dominant | OEF47: 300 | OEG47: 3 | OEH47: 30 | OEI47: 84 | OEJ47: 15 | OEK47: 5 | OEL47: 1 | OEM47: 902.43819 | OES47: 2 | OET47: 36 | OEU47: Small-dominant | OEV47: 300 | OEW47: 3 | OEX47: 30 | OEY47: 84 | OEZ47: 15 | OFA47: 5 | OFB47: 1 | OFC47: 902.43819 | OFI47: 2 | OFJ47: 36 | OFK47: Small-dominant | OFL47: 300 | OFM47: 3 | OFN47: 30 | OFO47: 84 | OFP47: 15 | OFQ47: 5 | OFR47: 1 | OFS47: 902.43819 | OFY47: 2 | OFZ47: 36 | OGA47: Small-dominant | OGB47: 300 | OGC47: 3 | OGD47: 30 | OGE47: 84 | OGF47: 15 | OGG47: 5 | OGH47: 1 | OGI47: 902.43819 | OGO47: 2 | OGP47: 36 | OGQ47: Small-dominant | OGR47: 300 | OGS47: 3 | OGT47: 30 | OGU47: 84 | OGV47: 15 | OGW47: 5 | OGX47: 1 | OGY47: 902.43819 | OHE47: 2 | OHF47: 36 | OHG47: Small-dominant | OHH47: 300 | OHI47: 3 | OHJ47: 30 | OHK47: 84 | OHL47: 15 | OHM47: 5 | OHN47: 1 | OHO47: 902.43819 | OHU47: 2 | OHV47: 36 | OHW47: Small-dominant | OHX47: 300 | OHY47: 3 | OHZ47: 30 | OIA47: 84 | OIB47: 15 | OIC47: 5 | OID47: 1 | OIE47: 902.43819 | OIK47: 2 | OIL47: 36 | OIM47: Small-dominant | OIN47: 300 | OIO47: 3 | OIP47: 30 | OIQ47: 84 | OIR47: 15 | OIS47: 5 | OIT47: 1 | OIU47: 902.43819 | OJA47: 2 | OJB47: 36 | OJC47: Small-dominant | OJD47: 300 | OJE47: 3 | OJF47: 30 | OJG47: 84 | OJH47: 15 | OJI47: 5 | OJJ47: 1 | OJK47: 902.43819 | OJQ47: 2 | OJR47: 36 | OJS47: Small-dominant | OJT47: 300 | OJU47: 3 | OJV47: 30 | OJW47: 84 | OJX47: 15 | OJY47: 5 | OJZ47: 1 | OKA47: 902.43819 | OKG47: 2 | OKH47: 36 | OKI47: Small-dominant | OKJ47: 300 | OKK47: 3 | OKL47: 30 | OKM47: 84 | OKN47: 15 | OKO47: 5 | OKP47: 1 | OKQ47: 902.43819 | OKW47: 2 | OKX47: 36 | OKY47: Small-dominant | OKZ47: 300 | OLA47: 3 | OLB47: 30 | OLC47: 84 | OLD47: 15 | OLE47: 5 | OLF47: 1 | OLG47: 902.43819 | OLM47: 2 | OLN47: 36 | OLO47: Small-dominant | OLP47: 300 | OLQ47: 3 | OLR47: 30 | OLS47: 84 | OLT47: 15 | OLU47: 5 | OLV47: 1 | OLW47: 902.43819 | OMC47: 2 | OMD47: 36 | OME47: Small-dominant | OMF47: 300 | OMG47: 3 | OMH47: 30 | OMI47: 84 | OMJ47: 15 | OMK47: 5 | OML47: 1 | OMM47: 902.43819 | OMS47: 2 | OMT47: 36 | OMU47: Small-dominant | OMV47: 300 | OMW47: 3 | OMX47: 30 | OMY47: 84 | OMZ47: 15 | ONA47: 5 | ONB47: 1 | ONC47: 902.43819 | ONI47: 2 | ONJ47: 36 | ONK47: Small-dominant | ONL47: 300 | ONM47: 3 | ONN47: 30 | ONO47: 84 | ONP47: 15 | ONQ47: 5 | ONR47: 1 | ONS47: 902.43819 | ONY47: 2 | ONZ47: 36 | OOA47: Small-dominant | OOB47: 300 | OOC47: 3 | OOD47: 30 | OOE47: 84 | OOF47: 15 | OOG47: 5 | OOH47: 1 | OOI47: 902.43819 | OOO47: 2 | OOP47: 36 | OOQ47: Small-dominant | OOR47: 300 | OOS47: 3 | OOT47: 30 | OOU47: 84 | OOV47: 15 | OOW47: 5 | OOX47: 1 | OOY47: 902.43819 | OPE47: 2 | OPF47: 36 | OPG47: Small-dominant | OPH47: 300 | OPI47: 3 | OPJ47: 30 | OPK47: 84 | OPL47: 15 | OPM47: 5 | OPN47: 1 | OPO47: 902.43819 | OPU47: 2 | OPV47: 36 | OPW47: Small-dominant | OPX47: 300 | OPY47: 3 | OPZ47: 30 | OQA47: 84 | OQB47: 15 | OQC47: 5 | OQD47: 1 | OQE47: 902.43819 | OQK47: 2 | OQL47: 36 | OQM47: Small-dominant | OQN47: 300 | OQO47: 3 | OQP47: 30 | OQQ47: 84 | OQR47: 15 | OQS47: 5 | OQT47: 1 | OQU47: 902.43819 | ORA47: 2 | ORB47: 36 | ORC47: Small-dominant | ORD47: 300 | ORE47: 3 | ORF47: 30 | ORG47: 84 | ORH47: 15 | ORI47: 5 | ORJ47: 1 | ORK47: 902.43819 | ORQ47: 2 | ORR47: 36 | ORS47: Small-dominant | ORT47: 300 | ORU47: 3 | ORV47: 30 | ORW47: 84 | ORX47: 15 | ORY47: 5 | ORZ47: 1 | OSA47: 902.43819 | OSG47: 2 | OSH47: 36 | OSI47: Small-dominant | OSJ47: 300 | OSK47: 3 | OSL47: 30 | OSM47: 84 | OSN47: 15 | OSO47: 5 | OSP47: 1 | OSQ47: 902.43819 | OSW47: 2 | OSX47: 36 | OSY47: Small-dominant | OSZ47: 300 | OTA47: 3 | OTB47: 30 | OTC47: 84 | OTD47: 15 | OTE47: 5 | OTF47: 1 | OTG47: 902.43819 | OTM47: 2 | OTN47: 36 | OTO47: Small-dominant | OTP47: 300 | OTQ47: 3 | OTR47: 30 | OTS47: 84 | OTT47: 15 | OTU47: 5 | OTV47: 1 | OTW47: 902.43819 | OUC47: 2 | OUD47: 36 | OUE47: Small-dominant | OUF47: 300 | OUG47: 3 | OUH47: 30 | OUI47: 84 | OUJ47: 15 | OUK47: 5 | OUL47: 1 | OUM47: 902.43819 | OUS47: 2 | OUT47: 36 | OUU47: Small-dominant | OUV47: 300 | OUW47: 3 | OUX47: 30 | OUY47: 84 | OUZ47: 15 | OVA47: 5 | OVB47: 1 | OVC47: 902.43819 | OVI47: 2 | OVJ47: 36 | OVK47: Small-dominant | OVL47: 300 | OVM47: 3 | OVN47: 30 | OVO47: 84 | OVP47: 15 | OVQ47: 5 | OVR47: 1 | OVS47: 902.43819 | OVY47: 2 | OVZ47: 36 | OWA47: Small-dominant | OWB47: 300 | OWC47: 3 | OWD47: 30 | OWE47: 84 | OWF47: 15 | OWG47: 5 | OWH47: 1 | OWI47: 902.43819 | OWO47: 2 | OWP47: 36 | OWQ47: Small-dominant | OWR47: 300 | OWS47: 3 | OWT47: 30 | OWU47: 84 | OWV47: 15 | OWW47: 5 | OWX47: 1 | OWY47: 902.43819 | OXE47: 2 | OXF47: 36 | OXG47: Small-dominant | OXH47: 300 | OXI47: 3 | OXJ47: 30 | OXK47: 84 | OXL47: 15 | OXM47: 5 | OXN47: 1 | OXO47: 902.43819 | OXU47: 2 | OXV47: 36 | OXW47: Small-dominant | OXX47: 300 | OXY47: 3 | OXZ47: 30 | OYA47: 84 | OYB47: 15 | OYC47: 5 | OYD47: 1 | OYE47: 902.43819 | OYK47: 2 | OYL47: 36 | OYM47: Small-dominant | OYN47: 300 | OYO47: 3 | OYP47: 30 | OYQ47: 84 | OYR47: 15 | OYS47: 5 | OYT47: 1 | OYU47: 902.43819 | OZA47: 2 | OZB47: 36 | OZC47: Small-dominant | OZD47: 300 | OZE47: 3 | OZF47: 30 | OZG47: 84 | OZH47: 15 | OZI47: 5 | OZJ47: 1 | OZK47: 902.43819 | OZQ47: 2 | OZR47: 36 | OZS47: Small-dominant | OZT47: 300 | OZU47: 3 | OZV47: 30 | OZW47: 84 | OZX47: 15 | OZY47: 5 | OZZ47: 1 | PAA47: 902.43819 | PAG47: 2 | PAH47: 36 | PAI47: Small-dominant | PAJ47: 300 | PAK47: 3 | PAL47: 30 | PAM47: 84 | PAN47: 15 | PAO47: 5 | PAP47: 1 | PAQ47: 902.43819 | PAW47: 2 | PAX47: 36 | PAY47: Small-dominant | PAZ47: 300 | PBA47: 3 | PBB47: 30 | PBC47: 84 | PBD47: 15 | PBE47: 5 | PBF47: 1 | PBG47: 902.43819 | PBM47: 2 | PBN47: 36 | PBO47: Small-dominant | PBP47: 300 | PBQ47: 3 | PBR47: 30 | PBS47: 84 | PBT47: 15 | PBU47: 5 | PBV47: 1 | PBW47: 902.43819 | PCC47: 2 | PCD47: 36 | PCE47: Small-dominant | PCF47: 300 | PCG47: 3 | PCH47: 30 | PCI47: 84 | PCJ47: 15 | PCK47: 5 | PCL47: 1 | PCM47: 902.43819 | PCS47: 2 | PCT47: 36 | PCU47: Small-dominant | PCV47: 300 | PCW47: 3 | PCX47: 30 | PCY47: 84 | PCZ47: 15 | PDA47: 5 | PDB47: 1 | PDC47: 902.43819 | PDI47: 2 | PDJ47: 36 | PDK47: Small-dominant | PDL47: 300 | PDM47: 3 | PDN47: 30 | PDO47: 84 | PDP47: 15 | PDQ47: 5 | PDR47: 1 | PDS47: 902.43819 | PDY47: 2 | PDZ47: 36 | PEA47: Small-dominant | PEB47: 300 | PEC47: 3 | PED47: 30 | PEE47: 84 | PEF47: 15 | PEG47: 5 | PEH47: 1 | PEI47: 902.43819 | PEO47: 2 | PEP47: 36 | PEQ47: Small-dominant | PER47: 300 | PES47: 3 | PET47: 30 | PEU47: 84 | PEV47: 15 | PEW47: 5 | PEX47: 1 | PEY47: 902.43819 | PFE47: 2 | PFF47: 36 | PFG47: Small-dominant | PFH47: 300 | PFI47: 3 | PFJ47: 30 | PFK47: 84 | PFL47: 15 | PFM47: 5 | PFN47: 1 | PFO47: 902.43819 | PFU47: 2 | PFV47: 36 | PFW47: Small-dominant | PFX47: 300 | PFY47: 3 | PFZ47: 30 | PGA47: 84 | PGB47: 15 | PGC47: 5 | PGD47: 1 | PGE47: 902.43819 | PGK47: 2 | PGL47: 36 | PGM47: Small-dominant | PGN47: 300 | PGO47: 3 | PGP47: 30 | PGQ47: 84 | PGR47: 15 | PGS47: 5 | PGT47: 1 | PGU47: 902.43819 | PHA47: 2 | PHB47: 36 | PHC47: Small-dominant | PHD47: 300 | PHE47: 3 | PHF47: 30 | PHG47: 84 | PHH47: 15 | PHI47: 5 | PHJ47: 1 | PHK47: 902.43819 | PHQ47: 2 | PHR47: 36 | PHS47: Small-dominant | PHT47: 300 | PHU47: 3 | PHV47: 30 | PHW47: 84 | PHX47: 15 | PHY47: 5 | PHZ47: 1 | PIA47: 902.43819 | PIG47: 2 | PIH47: 36 | PII47: Small-dominant | PIJ47: 300 | PIK47: 3 | PIL47: 30 | PIM47: 84 | PIN47: 15 | PIO47: 5 | PIP47: 1 | PIQ47: 902.43819 | PIW47: 2 | PIX47: 36 | PIY47: Small-dominant | PIZ47: 300 | PJA47: 3 | PJB47: 30 | PJC47: 84 | PJD47: 15 | PJE47: 5 | PJF47: 1 | PJG47: 902.43819 | PJM47: 2 | PJN47: 36 | PJO47: Small-dominant | PJP47: 300 | PJQ47: 3 | PJR47: 30 | PJS47: 84 | PJT47: 15 | PJU47: 5 | PJV47: 1 | PJW47: 902.43819 | PKC47: 2 | PKD47: 36 | PKE47: Small-dominant | PKF47: 300 | PKG47: 3 | PKH47: 30 | PKI47: 84 | PKJ47: 15 | PKK47: 5 | PKL47: 1 | PKM47: 902.43819 | PKS47: 2 | PKT47: 36 | PKU47: Small-dominant | PKV47: 300 | PKW47: 3 | PKX47: 30 | PKY47: 84 | PKZ47: 15 | PLA47: 5 | PLB47: 1 | PLC47: 902.43819 | PLI47: 2 | PLJ47: 36 | PLK47: Small-dominant | PLL47: 300 | PLM47: 3 | PLN47: 30 | PLO47: 84 | PLP47: 15 | PLQ47: 5 | PLR47: 1 | PLS47: 902.43819 | PLY47: 2 | PLZ47: 36 | PMA47: Small-dominant | PMB47: 300 | PMC47: 3 | PMD47: 30 | PME47: 84 | PMF47: 15 | PMG47: 5 | PMH47: 1 | PMI47: 902.43819 | PMO47: 2 | PMP47: 36 | PMQ47: Small-dominant | PMR47: 300 | PMS47: 3 | PMT47: 30 | PMU47: 84 | PMV47: 15 | PMW47: 5 | PMX47: 1 | PMY47: 902.43819 | PNE47: 2 | PNF47: 36 | PNG47: Small-dominant | PNH47: 300 | PNI47: 3 | PNJ47: 30 | PNK47: 84 | PNL47: 15 | PNM47: 5 | PNN47: 1 | PNO47: 902.43819 | PNU47: 2 | PNV47: 36 | PNW47: Small-dominant | PNX47: 300 | PNY47: 3 | PNZ47: 30 | POA47: 84 | POB47: 15 | POC47: 5 | POD47: 1 | POE47: 902.43819 | POK47: 2 | POL47: 36 | POM47: Small-dominant | PON47: 300 | POO47: 3 | POP47: 30 | POQ47: 84 | POR47: 15 | POS47: 5 | POT47: 1 | POU47: 902.43819 | PPA47: 2 | PPB47: 36 | PPC47: Small-dominant | PPD47: 300 | PPE47: 3 | PPF47: 30 | PPG47: 84 | PPH47: 15 | PPI47: 5 | PPJ47: 1 | PPK47: 902.43819 | PPQ47: 2 | PPR47: 36 | PPS47: Small-dominant | PPT47: 300 | PPU47: 3 | PPV47: 30 | PPW47: 84 | PPX47: 15 | PPY47: 5 | PPZ47: 1 | PQA47: 902.43819 | PQG47: 2 | PQH47: 36 | PQI47: Small-dominant | PQJ47: 300 | PQK47: 3 | PQL47: 30 | PQM47: 84 | PQN47: 15 | PQO47: 5 | PQP47: 1 | PQQ47: 902.43819 | PQW47: 2 | PQX47: 36 | PQY47: Small-dominant | PQZ47: 300 | PRA47: 3 | PRB47: 30 | PRC47: 84 | PRD47: 15 | PRE47: 5 | PRF47: 1 | PRG47: 902.43819 | PRM47: 2 | PRN47: 36 | PRO47: Small-dominant | PRP47: 300 | PRQ47: 3 | PRR47: 30 | PRS47: 84 | PRT47: 15 | PRU47: 5 | PRV47: 1 | PRW47: 902.43819 | PSC47: 2 | PSD47: 36 | PSE47: Small-dominant | PSF47: 300 | PSG47: 3 | PSH47: 30 | PSI47: 84 | PSJ47: 15 | PSK47: 5 | PSL47: 1 | PSM47: 902.43819 | PSS47: 2 | PST47: 36 | PSU47: Small-dominant | PSV47: 300 | PSW47: 3 | PSX47: 30 | PSY47: 84 | PSZ47: 15 | PTA47: 5 | PTB47: 1 | PTC47: 902.43819 | PTI47: 2 | PTJ47: 36 | PTK47: Small-dominant | PTL47: 300 | PTM47: 3 | PTN47: 30 | PTO47: 84 | PTP47: 15 | PTQ47: 5 | PTR47: 1 | PTS47: 902.43819 | PTY47: 2 | PTZ47: 36 | PUA47: Small-dominant | PUB47: 300 | PUC47: 3 | PUD47: 30 | PUE47: 84 | PUF47: 15 | PUG47: 5 | PUH47: 1 | PUI47: 902.43819 | PUO47: 2 | PUP47: 36 | PUQ47: Small-dominant | PUR47: 300 | PUS47: 3 | PUT47: 30 | PUU47: 84 | PUV47: 15 | PUW47: 5 | PUX47: 1 | PUY47: 902.43819 | PVE47: 2 | PVF47: 36 | PVG47: Small-dominant | PVH47: 300 | PVI47: 3 | PVJ47: 30 | PVK47: 84 | PVL47: 15 | PVM47: 5 | PVN47: 1 | PVO47: 902.43819 | PVU47: 2 | PVV47: 36 | PVW47: Small-dominant | PVX47: 300 | PVY47: 3 | PVZ47: 30 | PWA47: 84 | PWB47: 15 | PWC47: 5 | PWD47: 1 | PWE47: 902.43819 | PWK47: 2 | PWL47: 36 | PWM47: Small-dominant | PWN47: 300 | PWO47: 3 | PWP47: 30 | PWQ47: 84 | PWR47: 15 | PWS47: 5 | PWT47: 1 | PWU47: 902.43819 | PXA47: 2 | PXB47: 36 | PXC47: Small-dominant | PXD47: 300 | PXE47: 3 | PXF47: 30 | PXG47: 84 | PXH47: 15 | PXI47: 5 | PXJ47: 1 | PXK47: 902.43819 | PXQ47: 2 | PXR47: 36 | PXS47: Small-dominant | PXT47: 300 | PXU47: 3 | PXV47: 30 | PXW47: 84 | PXX47: 15 | PXY47: 5 | PXZ47: 1 | PYA47: 902.43819 | PYG47: 2 | PYH47: 36 | PYI47: Small-dominant | PYJ47: 300 | PYK47: 3 | PYL47: 30 | PYM47: 84 | PYN47: 15 | PYO47: 5 | PYP47: 1 | PYQ47: 902.43819 | PYW47: 2 | PYX47: 36 | PYY47: Small-dominant | PYZ47: 300 | PZA47: 3 | PZB47: 30 | PZC47: 84 | PZD47: 15 | PZE47: 5 | PZF47: 1 | PZG47: 902.43819 | PZM47: 2 | PZN47: 36 | PZO47: Small-dominant | PZP47: 300 | PZQ47: 3 | PZR47: 30 | PZS47: 84 | PZT47: 15 | PZU47: 5 | PZV47: 1 | PZW47: 902.43819 | QAC47: 2 | QAD47: 36 | QAE47: Small-dominant | QAF47: 300 | QAG47: 3 | QAH47: 30 | QAI47: 84 | QAJ47: 15 | QAK47: 5 | QAL47: 1 | QAM47: 902.43819 | QAS47: 2 | QAT47: 36 | QAU47: Small-dominant | QAV47: 300 | QAW47: 3 | QAX47: 30 | QAY47: 84 | QAZ47: 15 | QBA47: 5 | QBB47: 1 | QBC47: 902.43819 | QBI47: 2 | QBJ47: 36 | QBK47: Small-dominant | QBL47: 300 | QBM47: 3 | QBN47: 30 | QBO47: 84 | QBP47: 15 | QBQ47: 5 | QBR47: 1 | QBS47: 902.43819 | QBY47: 2 | QBZ47: 36 | QCA47: Small-dominant | QCB47: 300 | QCC47: 3 | QCD47: 30 | QCE47: 84 | QCF47: 15 | QCG47: 5 | QCH47: 1 | QCI47: 902.43819 | QCO47: 2 | QCP47: 36 | QCQ47: Small-dominant | QCR47: 300 | QCS47: 3 | QCT47: 30 | QCU47: 84 | QCV47: 15 | QCW47: 5 | QCX47: 1 | QCY47: 902.43819 | QDE47: 2 | QDF47: 36 | QDG47: Small-dominant | QDH47: 300 | QDI47: 3 | QDJ47: 30 | QDK47: 84 | QDL47: 15 | QDM47: 5 | QDN47: 1 | QDO47: 902.43819 | QDU47: 2 | QDV47: 36 | QDW47: Small-dominant | QDX47: 300 | QDY47: 3 | QDZ47: 30 | QEA47: 84 | QEB47: 15 | QEC47: 5 | QED47: 1 | QEE47: 902.43819 | QEK47: 2 | QEL47: 36 | QEM47: Small-dominant | QEN47: 300 | QEO47: 3 | QEP47: 30 | QEQ47: 84 | QER47: 15 | QES47: 5 | QET47: 1 | QEU47: 902.43819 | QFA47: 2 | QFB47: 36 | QFC47: Small-dominant | QFD47: 300 | QFE47: 3 | QFF47: 30 | QFG47: 84 | QFH47: 15 | QFI47: 5 | QFJ47: 1 | QFK47: 902.43819 | QFQ47: 2 | QFR47: 36 | QFS47: Small-dominant | QFT47: 300 | QFU47: 3 | QFV47: 30 | QFW47: 84 | QFX47: 15 | QFY47: 5 | QFZ47: 1 | QGA47: 902.43819 | QGG47: 2 | QGH47: 36 | QGI47: Small-dominant | QGJ47: 300 | QGK47: 3 | QGL47: 30 | QGM47: 84 | QGN47: 15 | QGO47: 5 | QGP47: 1 | QGQ47: 902.43819 | QGW47: 2 | QGX47: 36 | QGY47: Small-dominant | QGZ47: 300 | QHA47: 3 | QHB47: 30 | QHC47: 84 | QHD47: 15 | QHE47: 5 | QHF47: 1 | QHG47: 902.43819 | QHM47: 2 | QHN47: 36 | QHO47: Small-dominant | QHP47: 300 | QHQ47: 3 | QHR47: 30 | QHS47: 84 | QHT47: 15 | QHU47: 5 | QHV47: 1 | QHW47: 902.43819 | QIC47: 2 | QID47: 36 | QIE47: Small-dominant | QIF47: 300 | QIG47: 3 | QIH47: 30 | QII47: 84 | QIJ47: 15 | QIK47: 5 | QIL47: 1 | QIM47: 902.43819 | QIS47: 2 | QIT47: 36 | QIU47: Small-dominant | QIV47: 300 | QIW47: 3 | QIX47: 30 | QIY47: 84 | QIZ47: 15 | QJA47: 5 | QJB47: 1 | QJC47: 902.43819 | QJI47: 2 | QJJ47: 36 | QJK47: Small-dominant | QJL47: 300 | QJM47: 3 | QJN47: 30 | QJO47: 84 | QJP47: 15 | QJQ47: 5 | QJR47: 1 | QJS47: 902.43819 | QJY47: 2 | QJZ47: 36 | QKA47: Small-dominant | QKB47: 300 | QKC47: 3 | QKD47: 30 | QKE47: 84 | QKF47: 15 | QKG47: 5 | QKH47: 1 | QKI47: 902.43819 | QKO47: 2 | QKP47: 36 | QKQ47: Small-dominant | QKR47: 300 | QKS47: 3 | QKT47: 30 | QKU47: 84 | QKV47: 15 | QKW47: 5 | QKX47: 1 | QKY47: 902.43819 | QLE47: 2 | QLF47: 36 | QLG47: Small-dominant | QLH47: 300 | QLI47: 3 | QLJ47: 30 | QLK47: 84 | QLL47: 15 | QLM47: 5 | QLN47: 1 | QLO47: 902.43819 | QLU47: 2 | QLV47: 36 | QLW47: Small-dominant | QLX47: 300 | QLY47: 3 | QLZ47: 30 | QMA47: 84 | QMB47: 15 | QMC47: 5 | QMD47: 1 | QME47: 902.43819 | QMK47: 2 | QML47: 36 | QMM47: Small-dominant | QMN47: 300 | QMO47: 3 | QMP47: 30 | QMQ47: 84 | QMR47: 15 | QMS47: 5 | QMT47: 1 | QMU47: 902.43819 | QNA47: 2 | QNB47: 36 | QNC47: Small-dominant | QND47: 300 | QNE47: 3 | QNF47: 30 | QNG47: 84 | QNH47: 15 | QNI47: 5 | QNJ47: 1 | QNK47: 902.43819 | QNQ47: 2 | QNR47: 36 | QNS47: Small-dominant | QNT47: 300 | QNU47: 3 | QNV47: 30 | QNW47: 84 | QNX47: 15 | QNY47: 5 | QNZ47: 1 | QOA47: 902.43819 | QOG47: 2 | QOH47: 36 | QOI47: Small-dominant | QOJ47: 300 | QOK47: 3 | QOL47: 30 | QOM47: 84 | QON47: 15 | QOO47: 5 | QOP47: 1 | QOQ47: 902.43819 | QOW47: 2 | QOX47: 36 | QOY47: Small-dominant | QOZ47: 300 | QPA47: 3 | QPB47: 30 | QPC47: 84 | QPD47: 15 | QPE47: 5 | QPF47: 1 | QPG47: 902.43819 | QPM47: 2 | QPN47: 36 | QPO47: Small-dominant | QPP47: 300 | QPQ47: 3 | QPR47: 30 | QPS47: 84 | QPT47: 15 | QPU47: 5 | QPV47: 1 | QPW47: 902.43819 | QQC47: 2 | QQD47: 36 | QQE47: Small-dominant | QQF47: 300 | QQG47: 3 | QQH47: 30 | QQI47: 84 | QQJ47: 15 | QQK47: 5 | QQL47: 1 | QQM47: 902.43819 | QQS47: 2 | QQT47: 36 | QQU47: Small-dominant | QQV47: 300 | QQW47: 3 | QQX47: 30 | QQY47: 84 | QQZ47: 15 | QRA47: 5 | QRB47: 1 | QRC47: 902.43819 | QRI47: 2 | QRJ47: 36 | QRK47: Small-dominant | QRL47: 300 | QRM47: 3 | QRN47: 30 | QRO47: 84 | QRP47: 15 | QRQ47: 5 | QRR47: 1 | QRS47: 902.43819 | QRY47: 2 | QRZ47: 36 | QSA47: Small-dominant | QSB47: 300 | QSC47: 3 | QSD47: 30 | QSE47: 84 | QSF47: 15 | QSG47: 5 | QSH47: 1 | QSI47: 902.43819 | QSO47: 2 | QSP47: 36 | QSQ47: Small-dominant | QSR47: 300 | QSS47: 3 | QST47: 30 | QSU47: 84 | QSV47: 15 | QSW47: 5 | QSX47: 1 | QSY47: 902.43819 | QTE47: 2 | QTF47: 36 | QTG47: Small-dominant | QTH47: 300 | QTI47: 3 | QTJ47: 30 | QTK47: 84 | QTL47: 15 | QTM47: 5 | QTN47: 1 | QTO47: 902.43819 | QTU47: 2 | QTV47: 36 | QTW47: Small-dominant | QTX47: 300 | QTY47: 3 | QTZ47: 30 | QUA47: 84 | QUB47: 15 | QUC47: 5 | QUD47: 1 | QUE47: 902.43819 | QUK47: 2 | QUL47: 36 | QUM47: Small-dominant | QUN47: 300 | QUO47: 3 | QUP47: 30 | QUQ47: 84 | QUR47: 15 | QUS47: 5 | QUT47: 1 | QUU47: 902.43819 | QVA47: 2 | QVB47: 36 | QVC47: Small-dominant | QVD47: 300 | QVE47: 3 | QVF47: 30 | QVG47: 84 | QVH47: 15 | QVI47: 5 | QVJ47: 1 | QVK47: 902.43819 | QVQ47: 2 | QVR47: 36 | QVS47: Small-dominant | QVT47: 300 | QVU47: 3 | QVV47: 30 | QVW47: 84 | QVX47: 15 | QVY47: 5 | QVZ47: 1 | QWA47: 902.43819 | QWG47: 2 | QWH47: 36 | QWI47: Small-dominant | QWJ47: 300 | QWK47: 3 | QWL47: 30 | QWM47: 84 | QWN47: 15 | QWO47: 5 | QWP47: 1 | QWQ47: 902.43819 | QWW47: 2 | QWX47: 36 | QWY47: Small-dominant | QWZ47: 300 | QXA47: 3 | QXB47: 30 | QXC47: 84 | QXD47: 15 | QXE47: 5 | QXF47: 1 | QXG47: 902.43819 | QXM47: 2 | QXN47: 36 | QXO47: Small-dominant | QXP47: 300 | QXQ47: 3 | QXR47: 30 | QXS47: 84 | QXT47: 15 | QXU47: 5 | QXV47: 1 | QXW47: 902.43819 | QYC47: 2 | QYD47: 36 | QYE47: Small-dominant | QYF47: 300 | QYG47: 3 | QYH47: 30 | QYI47: 84 | QYJ47: 15 | QYK47: 5 | QYL47: 1 | QYM47: 902.43819 | QYS47: 2 | QYT47: 36 | QYU47: Small-dominant | QYV47: 300 | QYW47: 3 | QYX47: 30 | QYY47: 84 | QYZ47: 15 | QZA47: 5 | QZB47: 1 | QZC47: 902.43819 | QZI47: 2 | QZJ47: 36 | QZK47: Small-dominant | QZL47: 300 | QZM47: 3 | QZN47: 30 | QZO47: 84 | QZP47: 15 | QZQ47: 5 | QZR47: 1 | QZS47: 902.43819 | QZY47: 2 | QZZ47: 36 | RAA47: Small-dominant | RAB47: 300 | RAC47: 3 | RAD47: 30 | RAE47: 84 | RAF47: 15 | RAG47: 5 | RAH47: 1 | RAI47: 902.43819 | RAO47: 2 | RAP47: 36 | RAQ47: Small-dominant | RAR47: 300 | RAS47: 3 | RAT47: 30 | RAU47: 84 | RAV47: 15 | RAW47: 5 | RAX47: 1 | RAY47: 902.43819 | RBE47: 2 | RBF47: 36 | RBG47: Small-dominant | RBH47: 300 | RBI47: 3 | RBJ47: 30 | RBK47: 84 | RBL47: 15 | RBM47: 5 | RBN47: 1 | RBO47: 902.43819 | RBU47: 2 | RBV47: 36 | RBW47: Small-dominant | RBX47: 300 | RBY47: 3 | RBZ47: 30 | RCA47: 84 | RCB47: 15 | RCC47: 5 | RCD47: 1 | RCE47: 902.43819 | RCK47: 2 | RCL47: 36 | RCM47: Small-dominant | RCN47: 300 | RCO47: 3 | RCP47: 30 | RCQ47: 84 | RCR47: 15 | RCS47: 5 | RCT47: 1 | RCU47: 902.43819 | RDA47: 2 | RDB47: 36 | RDC47: Small-dominant | RDD47: 300 | RDE47: 3 | RDF47: 30 | RDG47: 84 | RDH47: 15 | RDI47: 5 | RDJ47: 1 | RDK47: 902.43819 | RDQ47: 2 | RDR47: 36 | RDS47: Small-dominant | RDT47: 300 | RDU47: 3 | RDV47: 30 | RDW47: 84 | RDX47: 15 | RDY47: 5 | RDZ47: 1 | REA47: 902.43819 | REG47: 2 | REH47: 36 | REI47: Small-dominant | REJ47: 300 | REK47: 3 | REL47: 30 | REM47: 84 | REN47: 15 | REO47: 5 | REP47: 1 | REQ47: 902.43819 | REW47: 2 | REX47: 36 | REY47: Small-dominant | REZ47: 300 | RFA47: 3 | RFB47: 30 | RFC47: 84 | RFD47: 15 | RFE47: 5 | RFF47: 1 | RFG47: 902.43819 | RFM47: 2 | RFN47: 36 | RFO47: Small-dominant | RFP47: 300 | RFQ47: 3 | RFR47: 30 | RFS47: 84 | RFT47: 15 | RFU47: 5 | RFV47: 1 | RFW47: 902.43819 | RGC47: 2 | RGD47: 36 | RGE47: Small-dominant | RGF47: 300 | RGG47: 3 | RGH47: 30 | RGI47: 84 | RGJ47: 15 | RGK47: 5 | RGL47: 1 | RGM47: 902.43819 | RGS47: 2 | RGT47: 36 | RGU47: Small-dominant | RGV47: 300 | RGW47: 3 | RGX47: 30 | RGY47: 84 | RGZ47: 15 | RHA47: 5 | RHB47: 1 | RHC47: 902.43819 | RHI47: 2 | RHJ47: 36 | RHK47: Small-dominant | RHL47: 300 | RHM47: 3 | RHN47: 30 | RHO47: 84 | RHP47: 15 | RHQ47: 5 | RHR47: 1 | RHS47: 902.43819 | RHY47: 2 | RHZ47: 36 | RIA47: Small-dominant | RIB47: 300 | RIC47: 3 | RID47: 30 | RIE47: 84 | RIF47: 15 | RIG47: 5 | RIH47: 1 | RII47: 902.43819 | RIO47: 2 | RIP47: 36 | RIQ47: Small-dominant | RIR47: 300 | RIS47: 3 | RIT47: 30 | RIU47: 84 | RIV47: 15 | RIW47: 5 | RIX47: 1 | RIY47: 902.43819 | RJE47: 2 | RJF47: 36 | RJG47: Small-dominant | RJH47: 300 | RJI47: 3 | RJJ47: 30 | RJK47: 84 | RJL47: 15 | RJM47: 5 | RJN47: 1 | RJO47: 902.43819 | RJU47: 2 | RJV47: 36 | RJW47: Small-dominant | RJX47: 300 | RJY47: 3 | RJZ47: 30 | RKA47: 84 | RKB47: 15 | RKC47: 5 | RKD47: 1 | RKE47: 902.43819 | RKK47: 2 | RKL47: 36 | RKM47: Small-dominant | RKN47: 300 | RKO47: 3 | RKP47: 30 | RKQ47: 84 | RKR47: 15 | RKS47: 5 | RKT47: 1 | RKU47: 902.43819 | RLA47: 2 | RLB47: 36 | RLC47: Small-dominant | RLD47: 300 | RLE47: 3 | RLF47: 30 | RLG47: 84 | RLH47: 15 | RLI47: 5 | RLJ47: 1 | RLK47: 902.43819 | RLQ47: 2 | RLR47: 36 | RLS47: Small-dominant | RLT47: 300 | RLU47: 3 | RLV47: 30 | RLW47: 84 | RLX47: 15 | RLY47: 5 | RLZ47: 1 | RMA47: 902.43819 | RMG47: 2 | RMH47: 36 | RMI47: Small-dominant | RMJ47: 300 | RMK47: 3 | RML47: 30 | RMM47: 84 | RMN47: 15 | RMO47: 5 | RMP47: 1 | RMQ47: 902.43819 | RMW47: 2 | RMX47: 36 | RMY47: Small-dominant | RMZ47: 300 | RNA47: 3 | RNB47: 30 | RNC47: 84 | RND47: 15 | RNE47: 5 | RNF47: 1 | RNG47: 902.43819 | RNM47: 2 | RNN47: 36 | RNO47: Small-dominant | RNP47: 300 | RNQ47: 3 | RNR47: 30 | RNS47: 84 | RNT47: 15 | RNU47: 5 | RNV47: 1 | RNW47: 902.43819 | ROC47: 2 | ROD47: 36 | ROE47: Small-dominant | ROF47: 300 | ROG47: 3 | ROH47: 30 | ROI47: 84 | ROJ47: 15 | ROK47: 5 | ROL47: 1 | ROM47: 902.43819 | ROS47: 2 | ROT47: 36 | ROU47: Small-dominant | ROV47: 300 | ROW47: 3 | ROX47: 30 | ROY47: 84 | ROZ47: 15 | RPA47: 5 | RPB47: 1 | RPC47: 902.43819 | RPI47: 2 | RPJ47: 36 | RPK47: Small-dominant | RPL47: 300 | RPM47: 3 | RPN47: 30 | RPO47: 84 | RPP47: 15 | RPQ47: 5 | RPR47: 1 | RPS47: 902.43819 | RPY47: 2 | RPZ47: 36 | RQA47: Small-dominant | RQB47: 300 | RQC47: 3 | RQD47: 30 | RQE47: 84 | RQF47: 15 | RQG47: 5 | RQH47: 1 | RQI47: 902.43819 | RQO47: 2 | RQP47: 36 | RQQ47: Small-dominant | RQR47: 300 | RQS47: 3 | RQT47: 30 | RQU47: 84 | RQV47: 15 | RQW47: 5 | RQX47: 1 | RQY47: 902.43819 | RRE47: 2 | RRF47: 36 | RRG47: Small-dominant | RRH47: 300 | RRI47: 3 | RRJ47: 30 | RRK47: 84 | RRL47: 15 | RRM47: 5 | RRN47: 1 | RRO47: 902.43819 | RRU47: 2 | RRV47: 36 | RRW47: Small-dominant | RRX47: 300 | RRY47: 3 | RRZ47: 30 | RSA47: 84 | RSB47: 15 | RSC47: 5 | RSD47: 1 | RSE47: 902.43819 | RSK47: 2 | RSL47: 36 | RSM47: Small-dominant | RSN47: 300 | RSO47: 3 | RSP47: 30 | RSQ47: 84 | RSR47: 15 | RSS47: 5 | RST47: 1 | RSU47: 902.43819 | RTA47: 2 | RTB47: 36 | RTC47: Small-dominant | RTD47: 300 | RTE47: 3 | RTF47: 30 | RTG47: 84 | RTH47: 15 | RTI47: 5 | RTJ47: 1 | RTK47: 902.43819 | RTQ47: 2 | RTR47: 36 | RTS47: Small-dominant | RTT47: 300 | RTU47: 3 | RTV47: 30 | RTW47: 84 | RTX47: 15 | RTY47: 5 | RTZ47: 1 | RUA47: 902.43819 | RUG47: 2 | RUH47: 36 | RUI47: Small-dominant | RUJ47: 300 | RUK47: 3 | RUL47: 30 | RUM47: 84 | RUN47: 15 | RUO47: 5 | RUP47: 1 | RUQ47: 902.43819 | RUW47: 2 | RUX47: 36 | RUY47: Small-dominant | RUZ47: 300 | RVA47: 3 | RVB47: 30 | RVC47: 84 | RVD47: 15 | RVE47: 5 | RVF47: 1 | RVG47: 902.43819 | RVM47: 2 | RVN47: 36 | RVO47: Small-dominant | RVP47: 300 | RVQ47: 3 | RVR47: 30 | RVS47: 84 | RVT47: 15 | RVU47: 5 | RVV47: 1 | RVW47: 902.43819 | RWC47: 2 | RWD47: 36 | RWE47: Small-dominant | RWF47: 300 | RWG47: 3 | RWH47: 30 | RWI47: 84 | RWJ47: 15 | RWK47: 5 | RWL47: 1 | RWM47: 902.43819 | RWS47: 2 | RWT47: 36 | RWU47: Small-dominant | RWV47: 300 | RWW47: 3 | RWX47: 30 | RWY47: 84 | RWZ47: 15 | RXA47: 5 | RXB47: 1 | RXC47: 902.43819 | RXI47: 2 | RXJ47: 36 | RXK47: Small-dominant | RXL47: 300 | RXM47: 3 | RXN47: 30 | RXO47: 84 | RXP47: 15 | RXQ47: 5 | RXR47: 1 | RXS47: 902.43819 | RXY47: 2 | RXZ47: 36 | RYA47: Small-dominant | RYB47: 300 | RYC47: 3 | RYD47: 30 | RYE47: 84 | RYF47: 15 | RYG47: 5 | RYH47: 1 | RYI47: 902.43819 | RYO47: 2 | RYP47: 36 | RYQ47: Small-dominant | RYR47: 300 | RYS47: 3 | RYT47: 30 | RYU47: 84 | RYV47: 15 | RYW47: 5 | RYX47: 1 | RYY47: 902.43819 | RZE47: 2 | RZF47: 36 | RZG47: Small-dominant | RZH47: 300 | RZI47: 3 | RZJ47: 30 | RZK47: 84 | RZL47: 15 | RZM47: 5 | RZN47: 1 | RZO47: 902.43819 | RZU47: 2 | RZV47: 36 | RZW47: Small-dominant | RZX47: 300 | RZY47: 3 | RZZ47: 30 | SAA47: 84 | SAB47: 15 | SAC47: 5 | SAD47: 1 | SAE47: 902.43819 | SAK47: 2 | SAL47: 36 | SAM47: Small-dominant | SAN47: 300 | SAO47: 3 | SAP47: 30 | SAQ47: 84 | SAR47: 15 | SAS47: 5 | SAT47: 1 | SAU47: 902.43819 | SBA47: 2 | SBB47: 36 | SBC47: Small-dominant | SBD47: 300 | SBE47: 3 | SBF47: 30 | SBG47: 84 | SBH47: 15 | SBI47: 5 | SBJ47: 1 | SBK47: 902.43819 | SBQ47: 2 | SBR47: 36 | SBS47: Small-dominant | SBT47: 300 | SBU47: 3 | SBV47: 30 | SBW47: 84 | SBX47: 15 | SBY47: 5 | SBZ47: 1 | SCA47: 902.43819 | SCG47: 2 | SCH47: 36 | SCI47: Small-dominant | SCJ47: 300 | SCK47: 3 | SCL47: 30 | SCM47: 84 | SCN47: 15 | SCO47: 5 | SCP47: 1 | SCQ47: 902.43819 | SCW47: 2 | SCX47: 36 | SCY47: Small-dominant | SCZ47: 300 | SDA47: 3 | SDB47: 30 | SDC47: 84 | SDD47: 15 | SDE47: 5 | SDF47: 1 | SDG47: 902.43819 | SDM47: 2 | SDN47: 36 | SDO47: Small-dominant | SDP47: 300 | SDQ47: 3 | SDR47: 30 | SDS47: 84 | SDT47: 15 | SDU47: 5 | SDV47: 1 | SDW47: 902.43819 | SEC47: 2 | SED47: 36 | SEE47: Small-dominant | SEF47: 300 | SEG47: 3 | SEH47: 30 | SEI47: 84 | SEJ47: 15 | SEK47: 5 | SEL47: 1 | SEM47: 902.43819 | SES47: 2 | SET47: 36 | SEU47: Small-dominant | SEV47: 300 | SEW47: 3 | SEX47: 30 | SEY47: 84 | SEZ47: 15 | SFA47: 5 | SFB47: 1 | SFC47: 902.43819 | SFI47: 2 | SFJ47: 36 | SFK47: Small-dominant | SFL47: 300 | SFM47: 3 | SFN47: 30 | SFO47: 84 | SFP47: 15 | SFQ47: 5 | SFR47: 1 | SFS47: 902.43819 | SFY47: 2 | SFZ47: 36 | SGA47: Small-dominant | SGB47: 300 | SGC47: 3 | SGD47: 30 | SGE47: 84 | SGF47: 15 | SGG47: 5 | SGH47: 1 | SGI47: 902.43819 | SGO47: 2 | SGP47: 36 | SGQ47: Small-dominant | SGR47: 300 | SGS47: 3 | SGT47: 30 | SGU47: 84 | SGV47: 15 | SGW47: 5 | SGX47: 1 | SGY47: 902.43819 | SHE47: 2 | SHF47: 36 | SHG47: Small-dominant | SHH47: 300 | SHI47: 3 | SHJ47: 30 | SHK47: 84 | SHL47: 15 | SHM47: 5 | SHN47: 1 | SHO47: 902.43819 | SHU47: 2 | SHV47: 36 | SHW47: Small-dominant | SHX47: 300 | SHY47: 3 | SHZ47: 30 | SIA47: 84 | SIB47: 15 | SIC47: 5 | SID47: 1 | SIE47: 902.43819 | SIK47: 2 | SIL47: 36 | SIM47: Small-dominant | SIN47: 300 | SIO47: 3 | SIP47: 30 | SIQ47: 84 | SIR47: 15 | SIS47: 5 | SIT47: 1 | SIU47: 902.43819 | SJA47: 2 | SJB47: 36 | SJC47: Small-dominant | SJD47: 300 | SJE47: 3 | SJF47: 30 | SJG47: 84 | SJH47: 15 | SJI47: 5 | SJJ47: 1 | SJK47: 902.43819 | SJQ47: 2 | SJR47: 36 | SJS47: Small-dominant | SJT47: 300 | SJU47: 3 | SJV47: 30 | SJW47: 84 | SJX47: 15 | SJY47: 5 | SJZ47: 1 | SKA47: 902.43819 | SKG47: 2 | SKH47: 36 | SKI47: Small-dominant | SKJ47: 300 | SKK47: 3 | SKL47: 30 | SKM47: 84 | SKN47: 15 | SKO47: 5 | SKP47: 1 | SKQ47: 902.43819 | SKW47: 2 | SKX47: 36 | SKY47: Small-dominant | SKZ47: 300 | SLA47: 3 | SLB47: 30 | SLC47: 84 | SLD47: 15 | SLE47: 5 | SLF47: 1 | SLG47: 902.43819 | SLM47: 2 | SLN47: 36 | SLO47: Small-dominant | SLP47: 300 | SLQ47: 3 | SLR47: 30 | SLS47: 84 | SLT47: 15 | SLU47: 5 | SLV47: 1 | SLW47: 902.43819 | SMC47: 2 | SMD47: 36 | SME47: Small-dominant | SMF47: 300 | SMG47: 3 | SMH47: 30 | SMI47: 84 | SMJ47: 15 | SMK47: 5 | SML47: 1 | SMM47: 902.43819 | SMS47: 2 | SMT47: 36 | SMU47: Small-dominant | SMV47: 300 | SMW47: 3 | SMX47: 30 | SMY47: 84 | SMZ47: 15 | SNA47: 5 | SNB47: 1 | SNC47: 902.43819 | SNI47: 2 | SNJ47: 36 | SNK47: Small-dominant | SNL47: 300 | SNM47: 3 | SNN47: 30 | SNO47: 84 | SNP47: 15 | SNQ47: 5 | SNR47: 1 | SNS47: 902.43819 | SNY47: 2 | SNZ47: 36 | SOA47: Small-dominant | SOB47: 300 | SOC47: 3 | SOD47: 30 | SOE47: 84 | SOF47: 15 | SOG47: 5 | SOH47: 1 | SOI47: 902.43819 | SOO47: 2 | SOP47: 36 | SOQ47: Small-dominant | SOR47: 300 | SOS47: 3 | SOT47: 30 | SOU47: 84 | SOV47: 15 | SOW47: 5 | SOX47: 1 | SOY47: 902.43819 | SPE47: 2 | SPF47: 36 | SPG47: Small-dominant | SPH47: 300 | SPI47: 3 | SPJ47: 30 | SPK47: 84 | SPL47: 15 | SPM47: 5 | SPN47: 1 | SPO47: 902.43819 | SPU47: 2 | SPV47: 36 | SPW47: Small-dominant | SPX47: 300 | SPY47: 3 | SPZ47: 30 | SQA47: 84 | SQB47: 15 | SQC47: 5 | SQD47: 1 | SQE47: 902.43819 | SQK47: 2 | SQL47: 36 | SQM47: Small-dominant | SQN47: 300 | SQO47: 3 | SQP47: 30 | SQQ47: 84 | SQR47: 15 | SQS47: 5 | SQT47: 1 | SQU47: 902.43819 | SRA47: 2 | SRB47: 36 | SRC47: Small-dominant | SRD47: 300 | SRE47: 3 | SRF47: 30 | SRG47: 84 | SRH47: 15 | SRI47: 5 | SRJ47: 1 | SRK47: 902.43819 | SRQ47: 2 | SRR47: 36 | SRS47: Small-dominant | SRT47: 300 | SRU47: 3 | SRV47: 30 | SRW47: 84 | SRX47: 15 | SRY47: 5 | SRZ47: 1 | SSA47: 902.43819 | SSG47: 2 | SSH47: 36 | SSI47: Small-dominant | SSJ47: 300 | SSK47: 3 | SSL47: 30 | SSM47: 84 | SSN47: 15 | SSO47: 5 | SSP47: 1 | SSQ47: 902.43819 | SSW47: 2 | SSX47: 36 | SSY47: Small-dominant | SSZ47: 300 | STA47: 3 | STB47: 30 | STC47: 84 | STD47: 15 | STE47: 5 | STF47: 1 | STG47: 902.43819 | STM47: 2 | STN47: 36 | STO47: Small-dominant | STP47: 300 | STQ47: 3 | STR47: 30 | STS47: 84 | STT47: 15 | STU47: 5 | STV47: 1 | STW47: 902.43819 | SUC47: 2 | SUD47: 36 | SUE47: Small-dominant | SUF47: 300 | SUG47: 3 | SUH47: 30 | SUI47: 84 | SUJ47: 15 | SUK47: 5 | SUL47: 1 | SUM47: 902.43819 | SUS47: 2 | SUT47: 36 | SUU47: Small-dominant | SUV47: 300 | SUW47: 3 | SUX47: 30 | SUY47: 84 | SUZ47: 15 | SVA47: 5 | SVB47: 1 | SVC47: 902.43819 | SVI47: 2 | SVJ47: 36 | SVK47: Small-dominant | SVL47: 300 | SVM47: 3 | SVN47: 30 | SVO47: 84 | SVP47: 15 | SVQ47: 5 | SVR47: 1 | SVS47: 902.43819 | SVY47: 2 | SVZ47: 36 | SWA47: Small-dominant | SWB47: 300 | SWC47: 3 | SWD47: 30 | SWE47: 84 | SWF47: 15 | SWG47: 5 | SWH47: 1 | SWI47: 902.43819 | SWO47: 2 | SWP47: 36 | SWQ47: Small-dominant | SWR47: 300 | SWS47: 3 | SWT47: 30 | SWU47: 84 | SWV47: 15 | SWW47: 5 | SWX47: 1 | SWY47: 902.43819 | SXE47: 2 | SXF47: 36 | SXG47: Small-dominant | SXH47: 300 | SXI47: 3 | SXJ47: 30 | SXK47: 84 | SXL47: 15 | SXM47: 5 | SXN47: 1 | SXO47: 902.43819 | SXU47: 2 | SXV47: 36 | SXW47: Small-dominant | SXX47: 300 | SXY47: 3 | SXZ47: 30 | SYA47: 84 | SYB47: 15 | SYC47: 5 | SYD47: 1 | SYE47: 902.43819 | SYK47: 2 | SYL47: 36 | SYM47: Small-dominant | SYN47: 300 | SYO47: 3 | SYP47: 30 | SYQ47: 84 | SYR47: 15 | SYS47: 5 | SYT47: 1 | SYU47: 902.43819 | SZA47: 2 | SZB47: 36 | SZC47: Small-dominant | SZD47: 300 | SZE47: 3 | SZF47: 30 | SZG47: 84 | SZH47: 15 | SZI47: 5 | SZJ47: 1 | SZK47: 902.43819 | SZQ47: 2 | SZR47: 36 | SZS47: Small-dominant | SZT47: 300 | SZU47: 3 | SZV47: 30 | SZW47: 84 | SZX47: 15 | SZY47: 5 | SZZ47: 1 | TAA47: 902.43819 | TAG47: 2 | TAH47: 36 | TAI47: Small-dominant | TAJ47: 300 | TAK47: 3 | TAL47: 30 | TAM47: 84 | TAN47: 15 | TAO47: 5 | TAP47: 1 | TAQ47: 902.43819 | TAW47: 2 | TAX47: 36 | TAY47: Small-dominant | TAZ47: 300 | TBA47: 3 | TBB47: 30 | TBC47: 84 | TBD47: 15 | TBE47: 5 | TBF47: 1 | TBG47: 902.43819 | TBM47: 2 | TBN47: 36 | TBO47: Small-dominant | TBP47: 300 | TBQ47: 3 | TBR47: 30 | TBS47: 84 | TBT47: 15 | TBU47: 5 | TBV47: 1 | TBW47: 902.43819 | TCC47: 2 | TCD47: 36 | TCE47: Small-dominant | TCF47: 300 | TCG47: 3 | TCH47: 30 | TCI47: 84 | TCJ47: 15 | TCK47: 5 | TCL47: 1 | TCM47: 902.43819 | TCS47: 2 | TCT47: 36 | TCU47: Small-dominant | TCV47: 300 | TCW47: 3 | TCX47: 30 | TCY47: 84 | TCZ47: 15 | TDA47: 5 | TDB47: 1 | TDC47: 902.43819 | TDI47: 2 | TDJ47: 36 | TDK47: Small-dominant | TDL47: 300 | TDM47: 3 | TDN47: 30 | TDO47: 84 | TDP47: 15 | TDQ47: 5 | TDR47: 1 | TDS47: 902.43819 | TDY47: 2 | TDZ47: 36 | TEA47: Small-dominant | TEB47: 300 | TEC47: 3 | TED47: 30 | TEE47: 84 | TEF47: 15 | TEG47: 5 | TEH47: 1 | TEI47: 902.43819 | TEO47: 2 | TEP47: 36 | TEQ47: Small-dominant | TER47: 300 | TES47: 3 | TET47: 30 | TEU47: 84 | TEV47: 15 | TEW47: 5 | TEX47: 1 | TEY47: 902.43819 | TFE47: 2 | TFF47: 36 | TFG47: Small-dominant | TFH47: 300 | TFI47: 3 | TFJ47: 30 | TFK47: 84 | TFL47: 15 | TFM47: 5 | TFN47: 1 | TFO47: 902.43819 | TFU47: 2 | TFV47: 36 | TFW47: Small-dominant | TFX47: 300 | TFY47: 3 | TFZ47: 30 | TGA47: 84 | TGB47: 15 | TGC47: 5 | TGD47: 1 | TGE47: 902.43819 | TGK47: 2 | TGL47: 36 | TGM47: Small-dominant | TGN47: 300 | TGO47: 3 | TGP47: 30 | TGQ47: 84 | TGR47: 15 | TGS47: 5 | TGT47: 1 | TGU47: 902.43819 | THA47: 2 | THB47: 36 | THC47: Small-dominant | THD47: 300 | THE47: 3 | THF47: 30 | THG47: 84 | THH47: 15 | THI47: 5 | THJ47: 1 | THK47: 902.43819 | THQ47: 2 | THR47: 36 | THS47: Small-dominant | THT47: 300 | THU47: 3 | THV47: 30 | THW47: 84 | THX47: 15 | THY47: 5 | THZ47: 1 | TIA47: 902.43819 | TIG47: 2 | TIH47: 36 | TII47: Small-dominant | TIJ47: 300 | TIK47: 3 | TIL47: 30 | TIM47: 84 | TIN47: 15 | TIO47: 5 | TIP47: 1 | TIQ47: 902.43819 | TIW47: 2 | TIX47: 36 | TIY47: Small-dominant | TIZ47: 300 | TJA47: 3 | TJB47: 30 | TJC47: 84 | TJD47: 15 | TJE47: 5 | TJF47: 1 | TJG47: 902.43819 | TJM47: 2 | TJN47: 36 | TJO47: Small-dominant | TJP47: 300 | TJQ47: 3 | TJR47: 30 | TJS47: 84 | TJT47: 15 | TJU47: 5 | TJV47: 1 | TJW47: 902.43819 | TKC47: 2 | TKD47: 36 | TKE47: Small-dominant | TKF47: 300 | TKG47: 3 | TKH47: 30 | TKI47: 84 | TKJ47: 15 | TKK47: 5 | TKL47: 1 | TKM47: 902.43819 | TKS47: 2 | TKT47: 36 | TKU47: Small-dominant | TKV47: 300 | TKW47: 3 | TKX47: 30 | TKY47: 84 | TKZ47: 15 | TLA47: 5 | TLB47: 1 | TLC47: 902.43819 | TLI47: 2 | TLJ47: 36 | TLK47: Small-dominant | TLL47: 300 | TLM47: 3 | TLN47: 30 | TLO47: 84 | TLP47: 15 | TLQ47: 5 | TLR47: 1 | TLS47: 902.43819 | TLY47: 2 | TLZ47: 36 | TMA47: Small-dominant | TMB47: 300 | TMC47: 3 | TMD47: 30 | TME47: 84 | TMF47: 15 | TMG47: 5 | TMH47: 1 | TMI47: 902.43819 | TMO47: 2 | TMP47: 36 | TMQ47: Small-dominant | TMR47: 300 | TMS47: 3 | TMT47: 30 | TMU47: 84 | TMV47: 15 | TMW47: 5 | TMX47: 1 | TMY47: 902.43819 | TNE47: 2 | TNF47: 36 | TNG47: Small-dominant | TNH47: 300 | TNI47: 3 | TNJ47: 30 | TNK47: 84 | TNL47: 15 | TNM47: 5 | TNN47: 1 | TNO47: 902.43819 | TNU47: 2 | TNV47: 36 | TNW47: Small-dominant | TNX47: 300 | TNY47: 3 | TNZ47: 30 | TOA47: 84 | TOB47: 15 | TOC47: 5 | TOD47: 1 | TOE47: 902.43819 | TOK47: 2 | TOL47: 36 | TOM47: Small-dominant | TON47: 300 | TOO47: 3 | TOP47: 30 | TOQ47: 84 | TOR47: 15 | TOS47: 5 | TOT47: 1 | TOU47: 902.43819 | TPA47: 2 | TPB47: 36 | TPC47: Small-dominant | TPD47: 300 | TPE47: 3 | TPF47: 30 | TPG47: 84 | TPH47: 15 | TPI47: 5 | TPJ47: 1 | TPK47: 902.43819 | TPQ47: 2 | TPR47: 36 | TPS47: Small-dominant | TPT47: 300 | TPU47: 3 | TPV47: 30 | TPW47: 84 | TPX47: 15 | TPY47: 5 | TPZ47: 1 | TQA47: 902.43819 | TQG47: 2 | TQH47: 36 | TQI47: Small-dominant | TQJ47: 300 | TQK47: 3 | TQL47: 30 | TQM47: 84 | TQN47: 15 | TQO47: 5 | TQP47: 1 | TQQ47: 902.43819 | TQW47: 2 | TQX47: 36 | TQY47: Small-dominant | TQZ47: 300 | TRA47: 3 | TRB47: 30 | TRC47: 84 | TRD47: 15 | TRE47: 5 | TRF47: 1 | TRG47: 902.43819 | TRM47: 2 | TRN47: 36 | TRO47: Small-dominant | TRP47: 300 | TRQ47: 3 | TRR47: 30 | TRS47: 84 | TRT47: 15 | TRU47: 5 | TRV47: 1 | TRW47: 902.43819 | TSC47: 2 | TSD47: 36 | TSE47: Small-dominant | TSF47: 300 | TSG47: 3 | TSH47: 30 | TSI47: 84 | TSJ47: 15 | TSK47: 5 | TSL47: 1 | TSM47: 902.43819 | TSS47: 2 | TST47: 36 | TSU47: Small-dominant | TSV47: 300 | TSW47: 3 | TSX47: 30 | TSY47: 84 | TSZ47: 15 | TTA47: 5 | TTB47: 1 | TTC47: 902.43819 | TTI47: 2 | TTJ47: 36 | TTK47: Small-dominant | TTL47: 300 | TTM47: 3 | TTN47: 30 | TTO47: 84 | TTP47: 15 | TTQ47: 5 | TTR47: 1 | TTS47: 902.43819 | TTY47: 2 | TTZ47: 36 | TUA47: Small-dominant | TUB47: 300 | TUC47: 3 | TUD47: 30 | TUE47: 84 | TUF47: 15 | TUG47: 5 | TUH47: 1 | TUI47: 902.43819 | TUO47: 2 | TUP47: 36 | TUQ47: Small-dominant | TUR47: 300 | TUS47: 3 | TUT47: 30 | TUU47: 84 | TUV47: 15 | TUW47: 5 | TUX47: 1 | TUY47: 902.43819 | TVE47: 2 | TVF47: 36 | TVG47: Small-dominant | TVH47: 300 | TVI47: 3 | TVJ47: 30 | TVK47: 84 | TVL47: 15 | TVM47: 5 | TVN47: 1 | TVO47: 902.43819 | TVU47: 2 | TVV47: 36 | TVW47: Small-dominant | TVX47: 300 | TVY47: 3 | TVZ47: 30 | TWA47: 84 | TWB47: 15 | TWC47: 5 | TWD47: 1 | TWE47: 902.43819 | TWK47: 2 | TWL47: 36 | TWM47: Small-dominant | TWN47: 300 | TWO47: 3 | TWP47: 30 | TWQ47: 84 | TWR47: 15 | TWS47: 5 | TWT47: 1 | TWU47: 902.43819 | TXA47: 2 | TXB47: 36 | TXC47: Small-dominant | TXD47: 300 | TXE47: 3 | TXF47: 30 | TXG47: 84 | TXH47: 15 | TXI47: 5 | TXJ47: 1 | TXK47: 902.43819 | TXQ47: 2 | TXR47: 36 | TXS47: Small-dominant | TXT47: 300 | TXU47: 3 | TXV47: 30 | TXW47: 84 | TXX47: 15 | TXY47: 5 | TXZ47: 1 | TYA47: 902.43819 | TYG47: 2 | TYH47: 36 | TYI47: Small-dominant | TYJ47: 300 | TYK47: 3 | TYL47: 30 | TYM47: 84 | TYN47: 15 | TYO47: 5 | TYP47: 1 | TYQ47: 902.43819 | TYW47: 2 | TYX47: 36 | TYY47: Small-dominant | TYZ47: 300 | TZA47: 3 | TZB47: 30 | TZC47: 84 | TZD47: 15 | TZE47: 5 | TZF47: 1 | TZG47: 902.43819 | TZM47: 2 | TZN47: 36 | TZO47: Small-dominant | TZP47: 300 | TZQ47: 3 | TZR47: 30 | TZS47: 84 | TZT47: 15 | TZU47: 5 | TZV47: 1 | TZW47: 902.43819 | UAC47: 2 | UAD47: 36 | UAE47: Small-dominant | UAF47: 300 | UAG47: 3 | UAH47: 30 | UAI47: 84 | UAJ47: 15 | UAK47: 5 | UAL47: 1 | UAM47: 902.43819 | UAS47: 2 | UAT47: 36 | UAU47: Small-dominant | UAV47: 300 | UAW47: 3 | UAX47: 30 | UAY47: 84 | UAZ47: 15 | UBA47: 5 | UBB47: 1 | UBC47: 902.43819 | UBI47: 2 | UBJ47: 36 | UBK47: Small-dominant | UBL47: 300 | UBM47: 3 | UBN47: 30 | UBO47: 84 | UBP47: 15 | UBQ47: 5 | UBR47: 1 | UBS47: 902.43819 | UBY47: 2 | UBZ47: 36 | UCA47: Small-dominant | UCB47: 300 | UCC47: 3 | UCD47: 30 | UCE47: 84 | UCF47: 15 | UCG47: 5 | UCH47: 1 | UCI47: 902.43819 | UCO47: 2 | UCP47: 36 | UCQ47: Small-dominant | UCR47: 300 | UCS47: 3 | UCT47: 30 | UCU47: 84 | UCV47: 15 | UCW47: 5 | UCX47: 1 | UCY47: 902.43819 | UDE47: 2 | UDF47: 36 | UDG47: Small-dominant | UDH47: 300 | UDI47: 3 | UDJ47: 30 | UDK47: 84 | UDL47: 15 | UDM47: 5 | UDN47: 1 | UDO47: 902.43819 | UDU47: 2 | UDV47: 36 | UDW47: Small-dominant | UDX47: 300 | UDY47: 3 | UDZ47: 30 | UEA47: 84 | UEB47: 15 | UEC47: 5 | UED47: 1 | UEE47: 902.43819 | UEK47: 2 | UEL47: 36 | UEM47: Small-dominant | UEN47: 300 | UEO47: 3 | UEP47: 30 | UEQ47: 84 | UER47: 15 | UES47: 5 | UET47: 1 | UEU47: 902.43819 | UFA47: 2 | UFB47: 36 | UFC47: Small-dominant | UFD47: 300 | UFE47: 3 | UFF47: 30 | UFG47: 84 | UFH47: 15 | UFI47: 5 | UFJ47: 1 | UFK47: 902.43819 | UFQ47: 2 | UFR47: 36 | UFS47: Small-dominant | UFT47: 300 | UFU47: 3 | UFV47: 30 | UFW47: 84 | UFX47: 15 | UFY47: 5 | UFZ47: 1 | UGA47: 902.43819 | UGG47: 2 | UGH47: 36 | UGI47: Small-dominant | UGJ47: 300 | UGK47: 3 | UGL47: 30 | UGM47: 84 | UGN47: 15 | UGO47: 5 | UGP47: 1 | UGQ47: 902.43819 | UGW47: 2 | UGX47: 36 | UGY47: Small-dominant | UGZ47: 300 | UHA47: 3 | UHB47: 30 | UHC47: 84 | UHD47: 15 | UHE47: 5 | UHF47: 1 | UHG47: 902.43819 | UHM47: 2 | UHN47: 36 | UHO47: Small-dominant | UHP47: 300 | UHQ47: 3 | UHR47: 30 | UHS47: 84 | UHT47: 15 | UHU47: 5 | UHV47: 1 | UHW47: 902.43819 | UIC47: 2 | UID47: 36 | UIE47: Small-dominant | UIF47: 300 | UIG47: 3 | UIH47: 30 | UII47: 84 | UIJ47: 15 | UIK47: 5 | UIL47: 1 | UIM47: 902.43819 | UIS47: 2 | UIT47: 36 | UIU47: Small-dominant | UIV47: 300 | UIW47: 3 | UIX47: 30 | UIY47: 84 | UIZ47: 15 | UJA47: 5 | UJB47: 1 | UJC47: 902.43819 | UJI47: 2 | UJJ47: 36 | UJK47: Small-dominant | UJL47: 300 | UJM47: 3 | UJN47: 30 | UJO47: 84 | UJP47: 15 | UJQ47: 5 | UJR47: 1 | UJS47: 902.43819 | UJY47: 2 | UJZ47: 36 | UKA47: Small-dominant | UKB47: 300 | UKC47: 3 | UKD47: 30 | UKE47: 84 | UKF47: 15 | UKG47: 5 | UKH47: 1 | UKI47: 902.43819 | UKO47: 2 | UKP47: 36 | UKQ47: Small-dominant | UKR47: 300 | UKS47: 3 | UKT47: 30 | UKU47: 84 | UKV47: 15 | UKW47: 5 | UKX47: 1 | UKY47: 902.43819 | ULE47: 2 | ULF47: 36 | ULG47: Small-dominant | ULH47: 300 | ULI47: 3 | ULJ47: 30 | ULK47: 84 | ULL47: 15 | ULM47: 5 | ULN47: 1 | ULO47: 902.43819 | ULU47: 2 | ULV47: 36 | ULW47: Small-dominant | ULX47: 300 | ULY47: 3 | ULZ47: 30 | UMA47: 84 | UMB47: 15 | UMC47: 5 | UMD47: 1 | UME47: 902.43819 | UMK47: 2 | UML47: 36 | UMM47: Small-dominant | UMN47: 300 | UMO47: 3 | UMP47: 30 | UMQ47: 84 | UMR47: 15 | UMS47: 5 | UMT47: 1 | UMU47: 902.43819 | UNA47: 2 | UNB47: 36 | UNC47: Small-dominant | UND47: 300 | UNE47: 3 | UNF47: 30 | UNG47: 84 | UNH47: 15 | UNI47: 5 | UNJ47: 1 | UNK47: 902.43819 | UNQ47: 2 | UNR47: 36 | UNS47: Small-dominant | UNT47: 300 | UNU47: 3 | UNV47: 30 | UNW47: 84 | UNX47: 15 | UNY47: 5 | UNZ47: 1 | UOA47: 902.43819 | UOG47: 2 | UOH47: 36 | UOI47: Small-dominant | UOJ47: 300 | UOK47: 3 | UOL47: 30 | UOM47: 84 | UON47: 15 | UOO47: 5 | UOP47: 1 | UOQ47: 902.43819 | UOW47: 2 | UOX47: 36 | UOY47: Small-dominant | UOZ47: 300 | UPA47: 3 | UPB47: 30 | UPC47: 84 | UPD47: 15 | UPE47: 5 | UPF47: 1 | UPG47: 902.43819 | UPM47: 2 | UPN47: 36 | UPO47: Small-dominant | UPP47: 300 | UPQ47: 3 | UPR47: 30 | UPS47: 84 | UPT47: 15 | UPU47: 5 | UPV47: 1 | UPW47: 902.43819 | UQC47: 2 | UQD47: 36 | UQE47: Small-dominant | UQF47: 300 | UQG47: 3 | UQH47: 30 | UQI47: 84 | UQJ47: 15 | UQK47: 5 | UQL47: 1 | UQM47: 902.43819 | UQS47: 2 | UQT47: 36 | UQU47: Small-dominant | UQV47: 300 | UQW47: 3 | UQX47: 30 | UQY47: 84 | UQZ47: 15 | URA47: 5 | URB47: 1 | URC47: 902.43819 | URI47: 2 | URJ47: 36 | URK47: Small-dominant | URL47: 300 | URM47: 3 | URN47: 30 | URO47: 84 | URP47: 15 | URQ47: 5 | URR47: 1 | URS47: 902.43819 | URY47: 2 | URZ47: 36 | USA47: Small-dominant | USB47: 300 | USC47: 3 | USD47: 30 | USE47: 84 | USF47: 15 | USG47: 5 | USH47: 1 | USI47: 902.43819 | USO47: 2 | USP47: 36 | USQ47: Small-dominant | USR47: 300 | USS47: 3 | UST47: 30 | USU47: 84 | USV47: 15 | USW47: 5 | USX47: 1 | USY47: 902.43819 | UTE47: 2 | UTF47: 36 | UTG47: Small-dominant | UTH47: 300 | UTI47: 3 | UTJ47: 30 | UTK47: 84 | UTL47: 15 | UTM47: 5 | UTN47: 1 | UTO47: 902.43819 | UTU47: 2 | UTV47: 36 | UTW47: Small-dominant | UTX47: 300 | UTY47: 3 | UTZ47: 30 | UUA47: 84 | UUB47: 15 | UUC47: 5 | UUD47: 1 | UUE47: 902.43819 | UUK47: 2 | UUL47: 36 | UUM47: Small-dominant | UUN47: 300 | UUO47: 3 | UUP47: 30 | UUQ47: 84 | UUR47: 15 | UUS47: 5 | UUT47: 1 | UUU47: 902.43819 | UVA47: 2 | UVB47: 36 | UVC47: Small-dominant | UVD47: 300 | UVE47: 3 | UVF47: 30 | UVG47: 84 | UVH47: 15 | UVI47: 5 | UVJ47: 1 | UVK47: 902.43819 | UVQ47: 2 | UVR47: 36 | UVS47: Small-dominant | UVT47: 300 | UVU47: 3 | UVV47: 30 | UVW47: 84 | UVX47: 15 | UVY47: 5 | UVZ47: 1 | UWA47: 902.43819 | UWG47: 2 | UWH47: 36 | UWI47: Small-dominant | UWJ47: 300 | UWK47: 3 | UWL47: 30 | UWM47: 84 | UWN47: 15 | UWO47: 5 | UWP47: 1 | UWQ47: 902.43819 | UWW47: 2 | UWX47: 36 | UWY47: Small-dominant | UWZ47: 300 | UXA47: 3 | UXB47: 30 | UXC47: 84 | UXD47: 15 | UXE47: 5 | UXF47: 1 | UXG47: 902.43819 | UXM47: 2 | UXN47: 36 | UXO47: Small-dominant | UXP47: 300 | UXQ47: 3 | UXR47: 30 | UXS47: 84 | UXT47: 15 | UXU47: 5 | UXV47: 1 | UXW47: 902.43819 | UYC47: 2 | UYD47: 36 | UYE47: Small-dominant | UYF47: 300 | UYG47: 3 | UYH47: 30 | UYI47: 84 | UYJ47: 15 | UYK47: 5 | UYL47: 1 | UYM47: 902.43819 | UYS47: 2 | UYT47: 36 | UYU47: Small-dominant | UYV47: 300 | UYW47: 3 | UYX47: 30 | UYY47: 84 | UYZ47: 15 | UZA47: 5 | UZB47: 1 | UZC47: 902.43819 | UZI47: 2 | UZJ47: 36 | UZK47: Small-dominant | UZL47: 300 | UZM47: 3 | UZN47: 30 | UZO47: 84 | UZP47: 15 | UZQ47: 5 | UZR47: 1 | UZS47: 902.43819 | UZY47: 2 | UZZ47: 36 | VAA47: Small-dominant | VAB47: 300 | VAC47: 3 | VAD47: 30 | VAE47: 84 | VAF47: 15 | VAG47: 5 | VAH47: 1 | VAI47: 902.43819 | VAO47: 2 | VAP47: 36 | VAQ47: Small-dominant | VAR47: 300 | VAS47: 3 | VAT47: 30 | VAU47: 84 | VAV47: 15 | VAW47: 5 | VAX47: 1 | VAY47: 902.43819 | VBE47: 2 | VBF47: 36 | VBG47: Small-dominant | VBH47: 300 | VBI47: 3 | VBJ47: 30 | VBK47: 84 | VBL47: 15 | VBM47: 5 | VBN47: 1 | VBO47: 902.43819 | VBU47: 2 | VBV47: 36 | VBW47: Small-dominant | VBX47: 300 | VBY47: 3 | VBZ47: 30 | VCA47: 84 | VCB47: 15 | VCC47: 5 | VCD47: 1 | VCE47: 902.43819 | VCK47: 2 | VCL47: 36 | VCM47: Small-dominant | VCN47: 300 | VCO47: 3 | VCP47: 30 | VCQ47: 84 | VCR47: 15 | VCS47: 5 | VCT47: 1 | VCU47: 902.43819 | VDA47: 2 | VDB47: 36 | VDC47: Small-dominant | VDD47: 300 | VDE47: 3 | VDF47: 30 | VDG47: 84 | VDH47: 15 | VDI47: 5 | VDJ47: 1 | VDK47: 902.43819 | VDQ47: 2 | VDR47: 36 | VDS47: Small-dominant | VDT47: 300 | VDU47: 3 | VDV47: 30 | VDW47: 84 | VDX47: 15 | VDY47: 5 | VDZ47: 1 | VEA47: 902.43819 | VEG47: 2 | VEH47: 36 | VEI47: Small-dominant | VEJ47: 300 | VEK47: 3 | VEL47: 30 | VEM47: 84 | VEN47: 15 | VEO47: 5 | VEP47: 1 | VEQ47: 902.43819 | VEW47: 2 | VEX47: 36 | VEY47: Small-dominant | VEZ47: 300 | VFA47: 3 | VFB47: 30 | VFC47: 84 | VFD47: 15 | VFE47: 5 | VFF47: 1 | VFG47: 902.43819 | VFM47: 2 | VFN47: 36 | VFO47: Small-dominant | VFP47: 300 | VFQ47: 3 | VFR47: 30 | VFS47: 84 | VFT47: 15 | VFU47: 5 | VFV47: 1 | VFW47: 902.43819 | VGC47: 2 | VGD47: 36 | VGE47: Small-dominant | VGF47: 300 | VGG47: 3 | VGH47: 30 | VGI47: 84 | VGJ47: 15 | VGK47: 5 | VGL47: 1 | VGM47: 902.43819 | VGS47: 2 | VGT47: 36 | VGU47: Small-dominant | VGV47: 300 | VGW47: 3 | VGX47: 30 | VGY47: 84 | VGZ47: 15 | VHA47: 5 | VHB47: 1 | VHC47: 902.43819 | VHI47: 2 | VHJ47: 36 | VHK47: Small-dominant | VHL47: 300 | VHM47: 3 | VHN47: 30 | VHO47: 84 | VHP47: 15 | VHQ47: 5 | VHR47: 1 | VHS47: 902.43819 | VHY47: 2 | VHZ47: 36 | VIA47: Small-dominant | VIB47: 300 | VIC47: 3 | VID47: 30 | VIE47: 84 | VIF47: 15 | VIG47: 5 | VIH47: 1 | VII47: 902.43819 | VIO47: 2 | VIP47: 36 | VIQ47: Small-dominant | VIR47: 300 | VIS47: 3 | VIT47: 30 | VIU47: 84 | VIV47: 15 | VIW47: 5 | VIX47: 1 | VIY47: 902.43819 | VJE47: 2 | VJF47: 36 | VJG47: Small-dominant | VJH47: 300 | VJI47: 3 | VJJ47: 30 | VJK47: 84 | VJL47: 15 | VJM47: 5 | VJN47: 1 | VJO47: 902.43819 | VJU47: 2 | VJV47: 36 | VJW47: Small-dominant | VJX47: 300 | VJY47: 3 | VJZ47: 30 | VKA47: 84 | VKB47: 15 | VKC47: 5 | VKD47: 1 | VKE47: 902.43819 | VKK47: 2 | VKL47: 36 | VKM47: Small-dominant | VKN47: 300 | VKO47: 3 | VKP47: 30 | VKQ47: 84 | VKR47: 15 | VKS47: 5 | VKT47: 1 | VKU47: 902.43819 | VLA47: 2 | VLB47: 36 | VLC47: Small-dominant | VLD47: 300 | VLE47: 3 | VLF47: 30 | VLG47: 84 | VLH47: 15 | VLI47: 5 | VLJ47: 1 | VLK47: 902.43819 | VLQ47: 2 | VLR47: 36 | VLS47: Small-dominant | VLT47: 300 | VLU47: 3 | VLV47: 30 | VLW47: 84 | VLX47: 15 | VLY47: 5 | VLZ47: 1 | VMA47: 902.43819 | VMG47: 2 | VMH47: 36 | VMI47: Small-dominant | VMJ47: 300 | VMK47: 3 | VML47: 30 | VMM47: 84 | VMN47: 15 | VMO47: 5 | VMP47: 1 | VMQ47: 902.43819 | VMW47: 2 | VMX47: 36 | VMY47: Small-dominant | VMZ47: 300 | VNA47: 3 | VNB47: 30 | VNC47: 84 | VND47: 15 | VNE47: 5 | VNF47: 1 | VNG47: 902.43819 | VNM47: 2 | VNN47: 36 | VNO47: Small-dominant | VNP47: 300 | VNQ47: 3 | VNR47: 30 | VNS47: 84 | VNT47: 15 | VNU47: 5 | VNV47: 1 | VNW47: 902.43819 | VOC47: 2 | VOD47: 36 | VOE47: Small-dominant | VOF47: 300 | VOG47: 3 | VOH47: 30 | VOI47: 84 | VOJ47: 15 | VOK47: 5 | VOL47: 1 | VOM47: 902.43819 | VOS47: 2 | VOT47: 36 | VOU47: Small-dominant | VOV47: 300 | VOW47: 3 | VOX47: 30 | VOY47: 84 | VOZ47: 15 | VPA47: 5 | VPB47: 1 | VPC47: 902.43819 | VPI47: 2 | VPJ47: 36 | VPK47: Small-dominant | VPL47: 300 | VPM47: 3 | VPN47: 30 | VPO47: 84 | VPP47: 15 | VPQ47: 5 | VPR47: 1 | VPS47: 902.43819 | VPY47: 2 | VPZ47: 36 | VQA47: Small-dominant | VQB47: 300 | VQC47: 3 | VQD47: 30 | VQE47: 84 | VQF47: 15 | VQG47: 5 | VQH47: 1 | VQI47: 902.43819 | VQO47: 2 | VQP47: 36 | VQQ47: Small-dominant | VQR47: 300 | VQS47: 3 | VQT47: 30 | VQU47: 84 | VQV47: 15 | VQW47: 5 | VQX47: 1 | VQY47: 902.43819 | VRE47: 2 | VRF47: 36 | VRG47: Small-dominant | VRH47: 300 | VRI47: 3 | VRJ47: 30 | VRK47: 84 | VRL47: 15 | VRM47: 5 | VRN47: 1 | VRO47: 902.43819 | VRU47: 2 | VRV47: 36 | VRW47: Small-dominant | VRX47: 300 | VRY47: 3 | VRZ47: 30 | VSA47: 84 | VSB47: 15 | VSC47: 5 | VSD47: 1 | VSE47: 902.43819 | VSK47: 2 | VSL47: 36 | VSM47: Small-dominant | VSN47: 300 | VSO47: 3 | VSP47: 30 | VSQ47: 84 | VSR47: 15 | VSS47: 5 | VST47: 1 | VSU47: 902.43819 | VTA47: 2 | VTB47: 36 | VTC47: Small-dominant | VTD47: 300 | VTE47: 3 | VTF47: 30 | VTG47: 84 | VTH47: 15 | VTI47: 5 | VTJ47: 1 | VTK47: 902.43819 | VTQ47: 2 | VTR47: 36 | VTS47: Small-dominant | VTT47: 300 | VTU47: 3 | VTV47: 30 | VTW47: 84 | VTX47: 15 | VTY47: 5 | VTZ47: 1 | VUA47: 902.43819 | VUG47: 2 | VUH47: 36 | VUI47: Small-dominant | VUJ47: 300 | VUK47: 3 | VUL47: 30 | VUM47: 84 | VUN47: 15 | VUO47: 5 | VUP47: 1 | VUQ47: 902.43819 | VUW47: 2 | VUX47: 36 | VUY47: Small-dominant | VUZ47: 300 | VVA47: 3 | VVB47: 30 | VVC47: 84 | VVD47: 15 | VVE47: 5 | VVF47: 1 | VVG47: 902.43819 | VVM47: 2 | VVN47: 36 | VVO47: Small-dominant | VVP47: 300 | VVQ47: 3 | VVR47: 30 | VVS47: 84 | VVT47: 15 | VVU47: 5 | VVV47: 1 | VVW47: 902.43819 | VWC47: 2 | VWD47: 36 | VWE47: Small-dominant | VWF47: 300 | VWG47: 3 | VWH47: 30 | VWI47: 84 | VWJ47: 15 | VWK47: 5 | VWL47: 1 | VWM47: 902.43819 | VWS47: 2 | VWT47: 36 | VWU47: Small-dominant | VWV47: 300 | VWW47: 3 | VWX47: 30 | VWY47: 84 | VWZ47: 15 | VXA47: 5 | VXB47: 1 | VXC47: 902.43819 | VXI47: 2 | VXJ47: 36 | VXK47: Small-dominant | VXL47: 300 | VXM47: 3 | VXN47: 30 | VXO47: 84 | VXP47: 15 | VXQ47: 5 | VXR47: 1 | VXS47: 902.43819 | VXY47: 2 | VXZ47: 36 | VYA47: Small-dominant | VYB47: 300 | VYC47: 3 | VYD47: 30 | VYE47: 84 | VYF47: 15 | VYG47: 5 | VYH47: 1 | VYI47: 902.43819 | VYO47: 2 | VYP47: 36 | VYQ47: Small-dominant | VYR47: 300 | VYS47: 3 | VYT47: 30 | VYU47: 84 | VYV47: 15 | VYW47: 5 | VYX47: 1 | VYY47: 902.43819 | VZE47: 2 | VZF47: 36 | VZG47: Small-dominant | VZH47: 300 | VZI47: 3 | VZJ47: 30 | VZK47: 84 | VZL47: 15 | VZM47: 5 | VZN47: 1 | VZO47: 902.43819 | VZU47: 2 | VZV47: 36 | VZW47: Small-dominant | VZX47: 300 | VZY47: 3 | VZZ47: 30 | WAA47: 84 | WAB47: 15 | WAC47: 5 | WAD47: 1 | WAE47: 902.43819 | WAK47: 2 | WAL47: 36 | WAM47: Small-dominant | WAN47: 300 | WAO47: 3 | WAP47: 30 | WAQ47: 84 | WAR47: 15 | WAS47: 5 | WAT47: 1 | WAU47: 902.43819 | WBA47: 2 | WBB47: 36 | WBC47: Small-dominant | WBD47: 300 | WBE47: 3 | WBF47: 30 | WBG47: 84 | WBH47: 15 | WBI47: 5 | WBJ47: 1 | WBK47: 902.43819 | WBQ47: 2 | WBR47: 36 | WBS47: Small-dominant | WBT47: 300 | WBU47: 3 | WBV47: 30 | WBW47: 84 | WBX47: 15 | WBY47: 5 | WBZ47: 1 | WCA47: 902.43819 | WCG47: 2 | WCH47: 36 | WCI47: Small-dominant | WCJ47: 300 | WCK47: 3 | WCL47: 30 | WCM47: 84 | WCN47: 15 | WCO47: 5 | WCP47: 1 | WCQ47: 902.43819 | WCW47: 2 | WCX47: 36 | WCY47: Small-dominant | WCZ47: 300 | WDA47: 3 | WDB47: 30 | WDC47: 84 | WDD47: 15 | WDE47: 5 | WDF47: 1 | WDG47: 902.43819 | WDM47: 2 | WDN47: 36 | WDO47: Small-dominant | WDP47: 300 | WDQ47: 3 | WDR47: 30 | WDS47: 84 | WDT47: 15 | WDU47: 5 | WDV47: 1 | WDW47: 902.43819 | WEC47: 2 | WED47: 36 | WEE47: Small-dominant | WEF47: 300 | WEG47: 3 | WEH47: 30 | WEI47: 84 | WEJ47: 15 | WEK47: 5 | WEL47: 1 | WEM47: 902.43819 | WES47: 2 | WET47: 36 | WEU47: Small-dominant | WEV47: 300 | WEW47: 3 | WEX47: 30 | WEY47: 84 | WEZ47: 15 | WFA47: 5 | WFB47: 1 | WFC47: 902.43819 | WFI47: 2 | WFJ47: 36 | WFK47: Small-dominant | WFL47: 300 | WFM47: 3 | WFN47: 30 | WFO47: 84 | WFP47: 15 | WFQ47: 5 | WFR47: 1 | WFS47: 902.43819 | WFY47: 2 | WFZ47: 36 | WGA47: Small-dominant | WGB47: 300 | WGC47: 3 | WGD47: 30 | WGE47: 84 | WGF47: 15 | WGG47: 5 | WGH47: 1 | WGI47: 902.43819 | WGO47: 2 | WGP47: 36 | WGQ47: Small-dominant | WGR47: 300 | WGS47: 3 | WGT47: 30 | WGU47: 84 | WGV47: 15 | WGW47: 5 | WGX47: 1 | WGY47: 902.43819 | WHE47: 2 | WHF47: 36 | WHG47: Small-dominant | WHH47: 300 | WHI47: 3 | WHJ47: 30 | WHK47: 84 | WHL47: 15 | WHM47: 5 | WHN47: 1 | WHO47: 902.43819 | WHU47: 2 | WHV47: 36 | WHW47: Small-dominant | WHX47: 300 | WHY47: 3 | WHZ47: 30 | WIA47: 84 | WIB47: 15 | WIC47: 5 | WID47: 1 | WIE47: 902.43819 | WIK47: 2 | WIL47: 36 | WIM47: Small-dominant | WIN47: 300 | WIO47: 3 | WIP47: 30 | WIQ47: 84 | WIR47: 15 | WIS47: 5 | WIT47: 1 | WIU47: 902.43819 | WJA47: 2 | WJB47: 36 | WJC47: Small-dominant | WJD47: 300 | WJE47: 3 | WJF47: 30 | WJG47: 84 | WJH47: 15 | WJI47: 5 | WJJ47: 1 | WJK47: 902.43819 | WJQ47: 2 | WJR47: 36 | WJS47: Small-dominant | WJT47: 300 | WJU47: 3 | WJV47: 30 | WJW47: 84 | WJX47: 15 | WJY47: 5 | WJZ47: 1 | WKA47: 902.43819 | WKG47: 2 | WKH47: 36 | WKI47: Small-dominant | WKJ47: 300 | WKK47: 3 | WKL47: 30 | WKM47: 84 | WKN47: 15 | WKO47: 5 | WKP47: 1 | WKQ47: 902.43819 | WKW47: 2 | WKX47: 36 | WKY47: Small-dominant | WKZ47: 300 | WLA47: 3 | WLB47: 30 | WLC47: 84 | WLD47: 15 | WLE47: 5 | WLF47: 1 | WLG47: 902.43819 | WLM47: 2 | WLN47: 36 | WLO47: Small-dominant | WLP47: 300 | WLQ47: 3 | WLR47: 30 | WLS47: 84 | WLT47: 15 | WLU47: 5 | WLV47: 1 | WLW47: 902.43819 | WMC47: 2 | WMD47: 36 | WME47: Small-dominant | WMF47: 300 | WMG47: 3 | WMH47: 30 | WMI47: 84 | WMJ47: 15 | WMK47: 5 | WML47: 1 | WMM47: 902.43819 | WMS47: 2 | WMT47: 36 | WMU47: Small-dominant | WMV47: 300 | WMW47: 3 | WMX47: 30 | WMY47: 84 | WMZ47: 15 | WNA47: 5 | WNB47: 1 | WNC47: 902.43819 | WNI47: 2 | WNJ47: 36 | WNK47: Small-dominant | WNL47: 300 | WNM47: 3 | WNN47: 30 | WNO47: 84 | WNP47: 15 | WNQ47: 5 | WNR47: 1 | WNS47: 902.43819 | WNY47: 2 | WNZ47: 36 | WOA47: Small-dominant | WOB47: 300 | WOC47: 3 | WOD47: 30 | WOE47: 84 | WOF47: 15 | WOG47: 5 | WOH47: 1 | WOI47: 902.43819 | WOO47: 2 | WOP47: 36 | WOQ47: Small-dominant | WOR47: 300 | WOS47: 3 | WOT47: 30 | WOU47: 84 | WOV47: 15 | WOW47: 5 | WOX47: 1 | WOY47: 902.43819 | WPE47: 2 | WPF47: 36 | WPG47: Small-dominant | WPH47: 300 | WPI47: 3 | WPJ47: 30 | WPK47: 84 | WPL47: 15 | WPM47: 5 | WPN47: 1 | WPO47: 902.43819 | WPU47: 2 | WPV47: 36 | WPW47: Small-dominant | WPX47: 300 | WPY47: 3 | WPZ47: 30 | WQA47: 84 | WQB47: 15 | WQC47: 5 | WQD47: 1 | WQE47: 902.43819 | WQK47: 2 | WQL47: 36 | WQM47: Small-dominant | WQN47: 300 | WQO47: 3 | WQP47: 30 | WQQ47: 84 | WQR47: 15 | WQS47: 5 | WQT47: 1 | WQU47: 902.43819 | WRA47: 2 | WRB47: 36 | WRC47: Small-dominant | WRD47: 300 | WRE47: 3 | WRF47: 30 | WRG47: 84 | WRH47: 15 | WRI47: 5 | WRJ47: 1 | WRK47: 902.43819 | WRQ47: 2 | WRR47: 36 | WRS47: Small-dominant | WRT47: 300 | WRU47: 3 | WRV47: 30 | WRW47: 84 | WRX47: 15 | WRY47: 5 | WRZ47: 1 | WSA47: 902.43819 | WSG47: 2 | WSH47: 36 | WSI47: Small-dominant | WSJ47: 300 | WSK47: 3 | WSL47: 30 | WSM47: 84 | WSN47: 15 | WSO47: 5 | WSP47: 1 | WSQ47: 902.43819 | WSW47: 2 | WSX47: 36 | WSY47: Small-dominant | WSZ47: 300 | WTA47: 3 | WTB47: 30 | WTC47: 84 | WTD47: 15 | WTE47: 5 | WTF47: 1 | WTG47: 902.43819 | WTM47: 2 | WTN47: 36 | WTO47: Small-dominant | WTP47: 300 | WTQ47: 3 | WTR47: 30 | WTS47: 84 | WTT47: 15 | WTU47: 5 | WTV47: 1 | WTW47: 902.43819 | WUC47: 2 | WUD47: 36 | WUE47: Small-dominant | WUF47: 300 | WUG47: 3 | WUH47: 30 | WUI47: 84 | WUJ47: 15 | WUK47: 5 | WUL47: 1 | WUM47: 902.43819 | WUS47: 2 | WUT47: 36 | WUU47: Small-dominant | WUV47: 300 | WUW47: 3 | WUX47: 30 | WUY47: 84 | WUZ47: 15 | WVA47: 5 | WVB47: 1 | WVC47: 902.43819 | WVI47: 2 | WVJ47: 36 | WVK47: Small-dominant | WVL47: 300 | WVM47: 3 | WVN47: 30 | WVO47: 84 | WVP47: 15 | WVQ47: 5 | WVR47: 1 | WVS47: 902.43819 | WVY47: 2 | WVZ47: 36 | WWA47: Small-dominant | WWB47: 300 | WWC47: 3 | WWD47: 30 | WWE47: 84 | WWF47: 15 | WWG47: 5 | WWH47: 1 | WWI47: 902.43819 | WWO47: 2 | WWP47: 36 | WWQ47: Small-dominant | WWR47: 300 | WWS47: 3 | WWT47: 30 | WWU47: 84 | WWV47: 15 | WWW47: 5 | WWX47: 1 | WWY47: 902.43819 | WXE47: 2 | WXF47: 36 | WXG47: Small-dominant | WXH47: 300 | WXI47: 3 | WXJ47: 30 | WXK47: 84 | WXL47: 15 | WXM47: 5 | WXN47: 1 | WXO47: 902.43819 | WXU47: 2 | WXV47: 36 | WXW47: Small-dominant | WXX47: 300 | WXY47: 3 | WXZ47: 30 | WYA47: 84 | WYB47: 15 | WYC47: 5 | WYD47: 1 | WYE47: 902.43819 | WYK47: 2 | WYL47: 36 | WYM47: Small-dominant | WYN47: 300 | WYO47: 3 | WYP47: 30 | WYQ47: 84 | WYR47: 15 | WYS47: 5 | WYT47: 1 | WYU47: 902.43819 | WZA47: 2 | WZB47: 36 | WZC47: Small-dominant | WZD47: 300 | WZE47: 3 | WZF47: 30 | WZG47: 84 | WZH47: 15 | WZI47: 5 | WZJ47: 1 | WZK47: 902.43819 | WZQ47: 2 | WZR47: 36 | WZS47: Small-dominant | WZT47: 300 | WZU47: 3 | WZV47: 30 | WZW47: 84 | WZX47: 15 | WZY47: 5 | WZZ47: 1 | XAA47: 902.43819 | XAG47: 2 | XAH47: 36 | XAI47: Small-dominant | XAJ47: 300 | XAK47: 3 | XAL47: 30 | XAM47: 84 | XAN47: 15 | XAO47: 5 | XAP47: 1 | XAQ47: 902.43819 | XAW47: 2 | XAX47: 36 | XAY47: Small-dominant | XAZ47: 300 | XBA47: 3 | XBB47: 30 | XBC47: 84 | XBD47: 15 | XBE47: 5 | XBF47: 1 | XBG47: 902.43819 | XBM47: 2 | XBN47: 36 | XBO47: Small-dominant | XBP47: 300 | XBQ47: 3 | XBR47: 30 | XBS47: 84 | XBT47: 15 | XBU47: 5 | XBV47: 1 | XBW47: 902.43819 | XCC47: 2 | XCD47: 36 | XCE47: Small-dominant | XCF47: 300 | XCG47: 3 | XCH47: 30 | XCI47: 84 | XCJ47: 15 | XCK47: 5 | XCL47: 1 | XCM47: 902.43819 | XCS47: 2 | XCT47: 36 | XCU47: Small-dominant | XCV47: 300 | XCW47: 3 | XCX47: 30 | XCY47: 84 | XCZ47: 15 | XDA47: 5 | XDB47: 1 | XDC47: 902.43819 | XDI47: 2 | XDJ47: 36 | XDK47: Small-dominant | XDL47: 300 | XDM47: 3 | XDN47: 30 | XDO47: 84 | XDP47: 15 | XDQ47: 5 | XDR47: 1 | XDS47: 902.43819 | XDY47: 2 | XDZ47: 36 | XEA47: Small-dominant | XEB47: 300 | XEC47: 3 | XED47: 30 | XEE47: 84 | XEF47: 15 | XEG47: 5 | XEH47: 1 | XEI47: 902.43819 | XEO47: 2 | XEP47: 36 | XEQ47: Small-dominant | XER47: 300 | XES47: 3 | XET47: 30 | XEU47: 84 | XEV47: 15 | XEW47: 5 | XEX47: 1 | XEY47: 902.43819
